"Ringo","carry","Sorrowblade","738"
"Ardan","captain","Fountain of Renewal","534"
"Taka","jungler","Stormcrown","463"
"Catherine","captain","Fountain of Renewal","457"
"Vox","carry","Breaking Point","453"
"Lance","captain","Fountain of Renewal","429"
"Idris","jungler","Sorrowblade","356"
"Kestrel","jungler","Shatterglass","347"
"Glaive","jungler","Sorrowblade","342"
"SAW","carry","Serpent Mask","317"
"Lyra","captain","Fountain of Renewal","316"
"SAW","carry","Sorrowblade","286"
"Alpha","jungler","Aftershock","279"
"Koshka","jungler","Shatterglass","271"
"Koshka","jungler","Aftershock","263"
"Gwen","carry","Sorrowblade","263"
"Ozo","jungler","Aftershock","244"
"Rona","jungler","Serpent Mask","232"
"Vox","carry","Sorrowblade","224"
"Krul","jungler","Breaking Point","213"
"Joule","jungler","Sorrowblade","212"
"Petal","jungler","Frostburn","204"
"Idris","carry","Sorrowblade","184"
"Blackfeather","jungler","Serpent Mask","182"
"Krul","jungler","Tornado Trigger","179"
"Adagio","captain","Fountain of Renewal","177"
"Phinn","captain","Fountain of Renewal","175"
"Kestrel","carry","Sorrowblade","173"
"Skaarf","carry","Eve of Harvest","173"
"Gwen","carry","Tension Bow","171"
"Taka","jungler","Shatterglass","169"
"Lyra","carry","Eve of Harvest","166"
"Fortress","captain","Fountain of Renewal","157"
"Baron","carry","Sorrowblade","156"
"Alpha","jungler","Stormcrown","146"
"Lance","captain","War Treads","146"
"Taka","jungler","Aftershock","143"
"Skye","jungler","Frostburn","139"
"Flicker","captain","Fountain of Renewal","131"
"Blackfeather","carry","Serpent Mask","131"
"Lyra","carry","Alternating Current","129"
"Reim","jungler","Eve of Harvest","125"
"Lyra","carry","Fountain of Renewal","121"
"Ringo","jungler","Sorrowblade","112"
"Ringo","captain","Sorrowblade","104"
"Phinn","captain","War Treads","95"
"Fortress","jungler","Stormcrown","95"
"Blackfeather","jungler","Alternating Current","93"
"Adagio","captain","War Treads","92"
"Samuel","jungler","Frostburn","92"
"Skye","carry","Frostburn","91"
"Catherine","captain","Stormcrown","83"
"Vox","carry","Alternating Current","83"
"Adagio","carry","Alternating Current","82"
"Joule","jungler","Shatterglass","82"
"Samuel","carry","Eve of Harvest","80"
"Fortress","jungler","Fountain of Renewal","80"
"Vox","carry","Travel Boots","79"
"Ringo","carry","Breaking Point","79"
"Kestrel","captain","Shatterglass","76"
"Ringo","carry","Travel Boots","75"
"Catherine","carry","Fountain of Renewal","74"
"Krul","jungler","Sorrowblade","74"
"Catherine","jungler","Fountain of Renewal","73"
"Celeste","carry","Eve of Harvest","73"
"Glaive","jungler","Stormcrown","72"
"Skaarf","carry","Shatterglass","72"
"Rona","jungler","Breaking Point","72"
"Petal","jungler","Alternating Current","71"
"Glaive","jungler","Tornado Trigger","70"
"SAW","carry","Travel Boots","69"
"Kestrel","carry","Shatterglass","69"
"Ardan","captain","War Treads","67"
"Taka","captain","Stormcrown","66"
"Adagio","carry","Fountain of Renewal","66"
"Vox","carry","Poisoned Shiv","65"
"Glaive","jungler","Travel Boots","65"
"Koshka","jungler","Broken Myth","65"
"Alpha","jungler","Sorrowblade","65"
"Catherine","captain","Travel Boots","63"
"Rona","jungler","Travel Boots","60"
"Ringo","carry","Alternating Current","58"
"Lance","captain","Crucible","58"
"Grumpjaw","jungler","Sorrowblade","58"
"Joule","carry","Sorrowblade","56"
"Celeste","carry","Frostburn","56"
"Lance","captain","Travel Boots","56"
"Taka","jungler","Broken Myth","56"
"SAW","carry","Shatterglass","55"
"Flicker","captain","War Treads","55"
"Taka","jungler","Travel Boots","55"
"Krul","jungler","Blazing Salvo","54"
"Celeste","jungler","Frostburn","53"
"Fortress","jungler","Aftershock","52"
"Vox","carry","Tornado Trigger","51"
"Lyra","captain","War Treads","50"
"Idris","carry","Poisoned Shiv","49"
"Reim","jungler","Broken Myth","49"
"Petal","jungler","Shatterglass","49"
"Rona","jungler","Sorrowblade","49"
"Catherine","captain","Crucible","48"
"Ardan","captain","Crucible","48"
"Glaive","carry","Sorrowblade","48"
"Taka","jungler","Tension Bow","48"
"Idris","jungler","Shatterglass","47"
"Catherine","captain","Contraption","47"
"Ringo","carry","Tornado Trigger","47"
"Gwen","carry","Travel Boots","47"
"Ardan","captain","Contraption","47"
"Lance","jungler","Sorrowblade","46"
"Krul","jungler","Poisoned Shiv","46"
"Kestrel","jungler","Sorrowblade","46"
"Gwen","carry","Breaking Point","45"
"Lance","captain","Ironguard Contract","45"
"Ringo","carry","Tension Bow","44"
"Skye","carry","Sorrowblade","44"
"Skaarf","carry","Frostburn","44"
"Glaive","jungler","Breaking Point","44"
"Skaarf","carry","Travel Boots","43"
"Glaive","jungler","Tension Bow","43"
"Petal","carry","Frostburn","43"
"Blackfeather","jungler","Shatterglass","43"
"Idris","jungler","Poisoned Shiv","43"
"Joule","jungler","Frostburn","43"
"Idris","carry","Shatterglass","41"
"Taka","jungler","Lucky Strike","41"
"Blackfeather","jungler","Travel Boots","41"
"Lyra","captain","Halcyon Chargers","40"
"Idris","captain","Sorrowblade","40"
"Catherine","jungler","Stormcrown","40"
"Ringo","carry","Halcyon Chargers","40"
"Ardan","captain","Travel Boots","40"
"Taka","captain","Shatterglass","39"
"Skaarf","carry","Halcyon Chargers","39"
"Taka","jungler","Halcyon Chargers","38"
"Lyra","captain","Alternating Current","38"
"Glaive","captain","Fountain of Renewal","38"
"Lyra","captain","Crucible","37"
"Phinn","captain","Travel Boots","36"
"Krul","jungler","Travel Boots","35"
"Celeste","carry","Shatterglass","35"
"Glaive","jungler","Aftershock","35"
"Ardan","jungler","Fountain of Renewal","35"
"Reim","jungler","Halcyon Chargers","35"
"Ardan","captain","Ironguard Contract","35"
"Blackfeather","captain","Serpent Mask","35"
"Rona","carry","Serpent Mask","34"
"Koshka","captain","Shatterglass","34"
"Glaive","captain","Sorrowblade","34"
"Petal","captain","Frostburn","33"
"Flicker","captain","Stormcrown","33"
"Vox","carry","Journey Boots","33"
"Phinn","captain","Crucible","33"
"Alpha","jungler","Travel Boots","33"
"Samuel","carry","Shatterglass","33"
"Joule","jungler","Travel Boots","33"
"Lance","captain","Atlas Pauldron","32"
"Catherine","carry","Stormcrown","32"
"Taka","jungler","Clockwork","32"
"Catherine","captain","War Treads","32"
"Gwen","jungler","Sorrowblade","32"
"Glaive","jungler","Halcyon Chargers","31"
"Gwen","carry","Halcyon Chargers","31"
"Baron","carry","Travel Boots","31"
"Lance","captain","Tension Bow","31"
"Lyra","captain","Stormcrown","30"
"Idris","carry","Travel Boots","30"
"Blackfeather","jungler","Breaking Point","30"
"Vox","carry","Tyrant's Monocle","30"
"Skye","carry","Eve of Harvest","30"
"Samuel","carry","Frostburn","30"
"Fortress","captain","Stormcrown","30"
"Gwen","carry","Shatterglass","30"
"Skaarf","captain","Eve of Harvest","30"
"Koshka","captain","Aftershock","29"
"Ringo","carry","Shatterglass","29"
"Ozo","captain","Aftershock","29"
"Lance","captain","Stormcrown","29"
"Koshka","jungler","Travel Boots","29"
"Ozo","jungler","Sorrowblade","29"
"Ardan","captain","Stormcrown","29"
"Adagio","carry","Journey Boots","29"
"Skaarf","carry","Broken Myth","28"
"Petal","jungler","Travel Boots","28"
"Vox","carry","Aegis","28"
"Reim","jungler","Alternating Current","27"
"Celeste","carry","Broken Myth","27"
"Catherine","jungler","Sorrowblade","27"
"SAW","carry","Sprint Boots","27"
"Ardan","captain","Atlas Pauldron","27"
"Alpha","jungler","Broken Myth","27"
"Lance","jungler","Tension Bow","26"
"Phinn","carry","Fountain of Renewal","26"
"Catherine","captain","Halcyon Chargers","26"
"Petal","carry","Alternating Current","26"
"Fortress","jungler","War Treads","26"
"Fortress","jungler","Travel Boots","26"
"Koshka","jungler","Alternating Current","25"
"Joule","carry","Tyrant's Monocle","25"
"Catherine","captain","Ironguard Contract","25"
"Kestrel","carry","Travel Boots","25"
"Samuel","carry","Broken Myth","25"
"Krul","jungler","Alternating Current","25"
"Koshka","jungler","Aegis","25"
"Skye","captain","Frostburn","24"
"Skaarf","carry","Alternating Current","24"
"Joule","carry","Shatterglass","24"
"Baron","carry","Shatterglass","24"
"Kestrel","carry","Halcyon Chargers","24"
"Lance","captain","Contraption","24"
"Vox","jungler","Breaking Point","23"
"Fortress","captain","War Treads","23"
"Celeste","carry","Halcyon Chargers","23"
"Ardan","carry","Fountain of Renewal","23"
"Ringo","carry","Journey Boots","23"
"Kestrel","jungler","Frostburn","23"
"Vox","carry","Halcyon Chargers","23"
"Flicker","jungler","Fountain of Renewal","23"
"Adagio","jungler","Alternating Current","22"
"Idris","jungler","Tornado Trigger","22"
"Taka","jungler","Sorrowblade","22"
"Adagio","captain","Travel Boots","22"
"Vox","carry",NULL,"22"
"Grumpjaw","captain","Fountain of Renewal","22"
"Ozo","jungler","Broken Myth","22"
"Samuel","carry","Travel Boots","22"
"Samuel","jungler","Eve of Harvest","22"
"Kestrel","jungler","Travel Boots","22"
"Lyra","captain","Eve of Harvest","22"
"Samuel","jungler","Broken Myth","22"
"Alpha","jungler","Shatterglass","22"
"Joule","captain","Shatterglass","21"
"Blackfeather","jungler","Sorrowblade","21"
"Lance","captain","Sorrowblade","21"
"Ringo","captain","Heavy Steel","21"
"Baron","carry","Breaking Point","21"
"Fortress","captain","Travel Boots","21"
"Joule","captain","Sorrowblade","21"
"Lance","carry","Fountain of Renewal","21"
"Ringo","carry","Tyrant's Monocle","20"
"Krul","captain","Breaking Point","20"
"Lyra","captain","Contraption","20"
"Ozo","jungler","Eve of Harvest","20"
"Reim","jungler","Travel Boots","20"
"Adagio","captain","Ironguard Contract","20"
"Taka","jungler",NULL,"20"
"Lyra","captain","Travel Boots","19"
"Ardan","jungler","War Treads","19"
"Vox","carry","Serpent Mask","19"
"Idris","jungler","Travel Boots","19"
"SAW","captain","Sorrowblade","19"
"Lyra","captain","Atlas Pauldron","19"
"Samuel","jungler","Shatterglass","19"
"Kestrel","jungler","Halcyon Chargers","19"
"Taka","jungler","Aegis","19"
"Skye","jungler","Shatterglass","19"
"Rona","captain","Serpent Mask","19"
"Gwen","carry","Journey Boots","19"
"Samuel","captain","Eve of Harvest","18"
"Grumpjaw","jungler","Breaking Point","18"
"Skaarf","captain","Shatterglass","18"
"Alpha","jungler","Breaking Point","18"
"Flicker","jungler","War Treads","18"
"Alpha","captain","Aftershock","18"
"Taka","jungler","Alternating Current","18"
"Lance","captain","Weapon Blade","18"
"Celeste","carry","Travel Boots","18"
"Ozo","jungler","Aegis","18"
"Fortress","captain","Aftershock","18"
"Koshka","jungler","Stormcrown","18"
"Reim","jungler","Shatterglass","18"
"Glaive","captain","Halcyon Chargers","18"
"Ringo","jungler","Breaking Point","17"
"Catherine","captain","Sprint Boots","17"
"Adagio","carry","Travel Boots","17"
"Vox","jungler","Sorrowblade","17"
"Baptiste","jungler","Shatterglass","17"
"Gwen","captain","Sorrowblade","17"
"Celeste","captain","Eve of Harvest","17"
"Skye","carry","Travel Boots","17"
"Ardan","captain","Sprint Boots","17"
"Glaive","captain","Travel Boots","17"
"Ringo","carry","Serpent Mask","17"
"Skye","jungler","Eve of Harvest","17"
"Petal","jungler","Lucky Strike","17"
"Grumpjaw","jungler","Stormcrown","17"
"Joule","captain","Frostburn","17"
"Glaive","jungler","Heavy Steel","16"
"Adagio","carry","Sorrowblade","16"
"Glaive","jungler","Swift Shooter","16"
"Lyra","carry","Broken Myth","16"
"Skye","jungler","Broken Myth","16"
"Koshka","jungler","Halcyon Chargers","16"
"Ozo","jungler","Travel Boots","16"
"SAW","captain","Serpent Mask","16"
"Baptiste","captain","Fountain of Renewal","16"
"Glaive","jungler","Serpent Mask","16"
"Vox","carry","Tension Bow","16"
"Blackfeather","carry","Travel Boots","16"
"Adagio","captain","Contraption","16"
"Petal","jungler",NULL,"16"
"Ardan","jungler","Stormcrown","16"
"Glaive","jungler","Sprint Boots","15"
"Petal","jungler","Broken Myth","15"
"Ozo","jungler","Shatterglass","15"
"Ringo","carry",NULL,"15"
"Ringo","jungler","Travel Boots","15"
"Glaive","captain","War Treads","15"
"Alpha","captain","Stormcrown","15"
"SAW","carry",NULL,"15"
"Flicker","captain","Crucible","15"
"Krul","jungler","Journey Boots","15"
"Petal","carry","Shatterglass","15"
"SAW","carry","Tyrant's Monocle","15"
"Skye","carry","Broken Myth","15"
"Taka","jungler","Heavy Prism","15"
"Flicker","carry","Fountain of Renewal","15"
"Vox","captain","Sorrowblade","15"
"Idris","jungler","Alternating Current","15"
"Kestrel","captain","Sorrowblade","15"
"Blackfeather","carry","Alternating Current","15"
"Fortress","captain","Crucible","15"
"Ardan","captain","Tension Bow","14"
"Joule","jungler","Breaking Point","14"
"Alpha","jungler","Alternating Current","14"
"Taka","jungler","Sprint Boots","14"
"Catherine","carry","War Treads","14"
"Joule","jungler","Tornado Trigger","14"
"Krul","captain","Tornado Trigger","14"
"Ringo","jungler","Alternating Current","14"
"Vox","carry","Sprint Boots","14"
"Krul","jungler","Sprint Boots","14"
"Krul","jungler","Stormcrown","14"
"Krul","jungler","Halcyon Chargers","14"
"Glaive","carry","Poisoned Shiv","14"
"Alpha","jungler","Aegis","14"
"Celeste","jungler","Eve of Harvest","14"
"Blackfeather","carry","Breaking Point","14"
"Phinn","captain","Ironguard Contract","14"
"Glaive","jungler","Aegis","14"
"Blackfeather","captain","Alternating Current","13"
"Rona","jungler","Tornado Trigger","13"
"SAW","carry","Aegis","13"
"Taka","captain","Aftershock","13"
"SAW","carry","Eve of Harvest","13"
"Ardan","captain","Flare Gun","13"
"Ringo","captain","Tension Bow","13"
"Krul","captain","Blazing Salvo","13"
"Lyra","carry","War Treads","13"
"Fortress","jungler","Sorrowblade","13"
"Adagio","captain","Crucible","13"
"Lyra","captain","Ironguard Contract","13"
"Glaive","jungler",NULL,"13"
"Ringo","carry","Lucky Strike","13"
"Lance","captain","Sprint Boots","13"
"Krul","jungler","Serpent Mask","13"
"Ringo","carry","Aegis","13"
"Phinn","captain","Contraption","13"
"Idris","jungler","Serpent Mask","13"
"Skye","carry","Breaking Point","13"
"Ringo","carry","Sprint Boots","13"
"Krul","jungler","Tyrant's Monocle","12"
"Adagio","carry","Shatterglass","12"
"Idris","carry","Serpent Mask","12"
"Flicker","jungler","Stormcrown","12"
"Lyra","captain","Flare","12"
"Petal","jungler","Halcyon Chargers","12"
"Baron","captain","Sorrowblade","12"
"Rona","carry","Poisoned Shiv","12"
"Catherine","jungler","Travel Boots","12"
"Catherine","captain",NULL,"12"
"Baptiste","carry","Shatterglass","12"
"Baptiste","carry","Journey Boots","12"
"Alpha","jungler","Sprint Boots","12"
"SAW","captain","Shatterglass","12"
"Fortress","captain","Contraption","12"
"Adagio","captain","Atlas Pauldron","12"
"Lyra","carry","Halcyon Chargers","12"
"Skye","carry","Shatterglass","12"
"Flicker","captain","Aftershock","12"
"Vox","captain","Breaking Point","12"
"Taka","jungler","Blazing Salvo","12"
"Kestrel","captain","Heavy Prism","12"
"Koshka","jungler",NULL,"12"
"Glaive","carry","Halcyon Chargers","12"
"Blackfeather","carry","Shatterglass","12"
"Adagio","jungler","Fountain of Renewal","12"
"Reim","captain","Eve of Harvest","11"
"Phinn","captain","Stormcrown","11"
"Taka","jungler","Tornado Trigger","11"
"Taka","jungler","Stormguard Banner","11"
"Skye","captain","Shatterglass","11"
"Rona","jungler","Journey Boots","11"
"Idris","captain","Barbed Needle","11"
"Idris","captain","Halcyon Potion","11"
"Taka","captain","Halcyon Potion","11"
"Baron","jungler","Sorrowblade","11"
"Ozo","jungler","Metal Jacket","11"
"Skye","carry","Halcyon Chargers","11"
"Lyra","carry","Stormcrown","11"
"SAW","carry","Journey Boots","11"
"Ozo","captain","Sorrowblade","11"
"SAW","carry","Breaking Point","11"
"Flicker","captain","Sprint Boots","11"
"Samuel","carry","Halcyon Chargers","11"
"Catherine","captain","Metal Jacket","11"
"Catherine","captain","Slumbering Husk","11"
"Blackfeather","jungler","Broken Myth","11"
"Glaive","jungler","Fountain of Renewal","11"
"Alpha","jungler",NULL,"11"
"Koshka","jungler","Reflex Block","11"
"Glaive","jungler","Metal Jacket","11"
"SAW","carry","Halcyon Potion","11"
"Skye","jungler","Travel Boots","11"
"Lance","jungler","Fountain of Renewal","11"
"Reim","jungler","Frostburn","11"
"Joule","jungler","Tyrant's Monocle","11"
"Gwen","carry","Sprint Boots","10"
"Ringo","carry","Clockwork","10"
"Grumpjaw","jungler","Aftershock","10"
"Rona","jungler",NULL,"10"
"Vox","carry","Metal Jacket","10"
"Grumpjaw","jungler","Travel Boots","10"
"Flicker","captain","Crystal Bit","10"
"Krul","captain","Sorrowblade","10"
"Flicker","captain","Contraption","10"
"Fortress","jungler","Broken Myth","10"
"Ringo","captain","Breaking Point","10"
"Ardan","captain",NULL,"10"
"Idris","carry","Tornado Trigger","10"
"Rona","jungler","Halcyon Potion","10"
"Ringo","captain","Sprint Boots","10"
"Catherine","jungler","Aftershock","10"
"Skaarf","jungler","Eve of Harvest","10"
"Joule","carry","Frostburn","10"
"Taka","captain","Broken Myth","10"
"Samuel","carry","Sorrowblade","10"
"Glaive","jungler","Tyrant's Monocle","10"
"Adagio","carry","Crucible","10"
"Skye","jungler","Sorrowblade","10"
"Phinn","captain","Halcyon Chargers","10"
"Lyra","captain","Void Battery","10"
"Gwen","carry","Tyrant's Monocle","10"
"Phinn","captain","Atlas Pauldron","10"
"Gwen","carry","Tornado Trigger","10"
"Adagio","captain","Sprint Boots","10"
"Flicker","captain","Travel Boots","10"
"Lance","captain","Coat of Plates","10"
"Blackfeather","captain","Travel Boots","10"
"Joule","jungler","Sprint Boots","9"
"Baron","carry","Journey Boots","9"
"Blackfeather","jungler","Aegis","9"
"Glaive","jungler","Journey Boots","9"
"Taka","jungler","Halcyon Potion","9"
"Adagio","carry","Stormcrown","9"
"Catherine","carry","Crucible","9"
"Vox","carry","Aftershock","9"
"Taka","captain","Clockwork","9"
"Adagio","jungler","Lucky Strike","9"
"Glaive","captain","Sprint Boots","9"
"Vox","carry","Coat of Plates","9"
"Catherine","jungler","Halcyon Chargers","9"
"Ardan","carry","Stormcrown","9"
"Taka","jungler","Coat of Plates","9"
"Joule","jungler","Halcyon Chargers","9"
"Krul","jungler","Aegis","9"
"Kestrel","captain","Halcyon Potion","9"
"Joule","jungler","Broken Myth","9"
"Lance","captain",NULL,"9"
"Lyra","carry","Shatterglass","9"
"Vox","carry","Eve of Harvest","9"
"Ozo","jungler","Coat of Plates","9"
"Catherine","jungler","Crucible","9"
"Gwen","captain","Shatterglass","9"
"Kestrel","jungler","Clockwork","9"
"Joule","carry","Tornado Trigger","9"
"Baron","carry","Halcyon Chargers","9"
"Celeste","carry","Clockwork","9"
"Ringo","captain","Tornado Trigger","9"
"Samuel","jungler","Travel Boots","9"
"SAW","carry","Halcyon Chargers","9"
"Lance","captain","Heavy Steel","9"
"Koshka","jungler","Frostburn","9"
"Glaive","captain","Halcyon Potion","9"
"Kestrel","captain","Travel Boots","9"
"Gwen","carry","Aegis","9"
"Petal","jungler","Eve of Harvest","9"
"Adagio","captain","Alternating Current","9"
"Kestrel","captain","Heavy Steel","9"
"Skye","carry","Aegis","9"
"Catherine","captain","Oakheart","9"
"Vox","captain","Weapon Blade","9"
"Phinn","captain","Shatterglass","9"
"Adagio","carry","Tornado Trigger","9"
"Lance","carry","Sorrowblade","9"
"Celeste","jungler","Broken Myth","9"
"Krul","jungler","Bonesaw","9"
"Kestrel","carry","Sprint Boots","9"
"Idris","captain","Shatterglass","9"
"Skye","jungler","Halcyon Chargers","9"
"Ozo","jungler","Stormcrown","9"
"Catherine","captain","Sorrowblade","8"
"Glaive","captain","Weapon Blade","8"
"Lyra","captain","Eclipse Prism","8"
"Blackfeather","carry","Journey Boots","8"
"Taka","captain","Sprint Boots","8"
"Rona","jungler","Poisoned Shiv","8"
"Kestrel","carry","Breaking Point","8"
"Kestrel","jungler","Sprint Boots","8"
"Ardan","captain","Halcyon Potion","8"
"Idris","carry","Journey Boots","8"
"Lance","jungler","Travel Boots","8"
"Glaive","carry","Serpent Mask","8"
"Baron","carry","Tyrant's Monocle","8"
"Blackfeather","jungler","Aftershock","8"
"Joule","jungler",NULL,"8"
"Skaarf","captain","Travel Boots","8"
"Idris","carry","Alternating Current","8"
"Vox","carry","Lucky Strike","8"
"Idris","carry","Barbed Needle","8"
"Catherine","jungler","War Treads","8"
"Vox","carry","Blazing Salvo","8"
"Lyra","carry","Sorrowblade","8"
"Krul","jungler","Heavy Steel","8"
"Ringo","captain","Weapon Blade","8"
"Baptiste","jungler","Journey Boots","8"
"Taka","captain","Oakheart","8"
"Gwen","captain","Heavy Steel","8"
"Kestrel","captain","Clockwork","8"
"Koshka","jungler","Lucky Strike","8"
"Lyra","carry","Lucky Strike","8"
"Baptiste","carry","Travel Boots","8"
"Ringo","carry","Void Battery","8"
"Petal","carry","Travel Boots","8"
"Gwen","captain","Tension Bow","8"
"Lyra","carry","Travel Boots","8"
"Glaive","jungler","Blazing Salvo","8"
"Catherine","captain","Atlas Pauldron","8"
"Phinn","captain",NULL,"8"
"Flicker","captain","Frostburn","8"
"Joule","jungler","Alternating Current","8"
"Phinn","captain","Sprint Boots","8"
"Glaive","jungler","Coat of Plates","8"
"Rona","jungler","War Treads","8"
"Adagio","carry","Halcyon Chargers","8"
"Joule","carry","Travel Boots","8"
"Fortress","carry","Fountain of Renewal","8"
"Idris","jungler","Journey Boots","8"
"Fortress","captain","Sprint Boots","8"
"Flicker","captain","Eclipse Prism","8"
"SAW","captain","Six Sins","8"
"Glaive","jungler","Atlas Pauldron","8"
"Lyra","captain","Sprint Boots","8"
"Blackfeather","jungler",NULL,"8"
"Lyra","captain","Energy Battery","8"
"Vox","captain","Heavy Steel","8"
"Alpha","jungler","Heavy Prism","7"
"Flicker","jungler","Aftershock","7"
"Lance","captain","Journey Boots","7"
"Petal","captain","Shatterglass","7"
"Taka","jungler","Oakheart","7"
"Lance","jungler","Stormcrown","7"
"Blackfeather","carry","Poisoned Shiv","7"
"Blackfeather","jungler","Journey Boots","7"
"Gwen","carry","Poisoned Shiv","7"
"Idris","jungler","Frostburn","7"
"Catherine","captain","Stormguard Banner","7"
"Krul","jungler","Swift Shooter","7"
"Lance","captain","Dragonheart","7"
"Fortress","jungler","Aegis","7"
"Petal","captain","Alternating Current","7"
"Flicker","captain","Stormguard Banner","7"
"Rona","captain","Sorrowblade","7"
"Taka","jungler","Swift Shooter","7"
"Petal","captain","Heavy Prism","7"
"Petal","jungler","Sprint Boots","7"
"Lyra","captain","Halcyon Potion","7"
"Kestrel","carry","Eve of Harvest","7"
"Grumpjaw","captain","War Treads","7"
"Alpha","jungler","Halcyon Chargers","7"
"Koshka","jungler","Sprint Boots","7"
"Kestrel","captain","Sprint Boots","7"
"Taka","captain","Alternating Current","7"
"Ozo","jungler","Alternating Current","7"
"Petal","carry","Eve of Harvest","7"
"Phinn","jungler","Fountain of Renewal","7"
"Ringo","jungler","Halcyon Chargers","7"
"Vox","jungler","Alternating Current","7"
"Kestrel","carry","Clockwork","7"
"Krul","jungler","Halcyon Potion","7"
"Fortress","jungler","Crucible","7"
"Fortress","jungler",NULL,"7"
"Catherine","captain","Aftershock","7"
"Kestrel","captain","Halcyon Chargers","7"
"Catherine","jungler","Lifespring","7"
"Ardan","carry","War Treads","7"
"Grumpjaw","jungler","Fountain of Renewal","7"
"Catherine","jungler","Serpent Mask","7"
"Koshka","carry","Shatterglass","7"
"Fortress","captain","Stormguard Banner","7"
"Krul","jungler","Tension Bow","7"
"Flicker","captain","Atlas Pauldron","7"
"Baron","carry","Tornado Trigger","7"
"Glaive","captain","Heavy Steel","7"
"Gwen","carry",NULL,"7"
"SAW","carry","Metal Jacket","7"
"SAW","captain","Heavy Steel","7"
"Rona","jungler","Alternating Current","7"
"Fortress","captain","Halcyon Potion","7"
"SAW","jungler","Sorrowblade","7"
"Rona","captain","Halcyon Potion","7"
"Celeste","jungler","Travel Boots","7"
"Glaive","carry","Travel Boots","7"
"Catherine","captain","Halcyon Potion","6"
"Glaive","captain","Tornado Trigger","6"
"Blackfeather","jungler","Poisoned Shiv","6"
"Kestrel","carry","Broken Myth","6"
"Lyra","carry","Void Battery","6"
"SAW","jungler","Serpent Mask","6"
"Gwen","carry","Reflex Block","6"
"Celeste","jungler","Shatterglass","6"
"Taka","jungler","Eve of Harvest","6"
"Joule","jungler","Journey Boots","6"
"Petal","captain","Crystal Bit","6"
"Skye","captain","Travel Boots","6"
"Skaarf","carry",NULL,"6"
"Lance","captain","Halcyon Potion","6"
"Ardan","captain","Aegis","6"
"Baron","captain","Heavy Steel","6"
"Samuel","captain","Halcyon Potion","6"
"Petal","jungler","Sorrowblade","6"
"Grumpjaw","jungler","Shatterglass","6"
"Blackfeather","carry","Sorrowblade","6"
"Blackfeather","jungler","Sprint Boots","6"
"Glaive","captain","Breaking Point","6"
"Samuel","captain","Travel Boots","6"
"Baron","captain","Shatterglass","6"
"Alpha","jungler","Atlas Pauldron","6"
"Taka","captain","Travel Boots","6"
"Ringo","carry","Coat of Plates","6"
"Skye","captain","Halcyon Potion","6"
"Kestrel","jungler","Broken Myth","6"
"Idris","captain","Poisoned Shiv","6"
"Lance","captain","Kinetic Shield","6"
"Idris","captain","Book of Eulogies","6"
"Alpha","jungler","Coat of Plates","6"
"Ringo","carry","Broken Myth","6"
"Ringo","captain","Travel Boots","6"
"Flicker","captain","Heavy Prism","6"
"Ardan","captain","Flare","6"
"Alpha","captain","Sorrowblade","6"
"Joule","jungler","Echo","6"
"Koshka","jungler","Heavy Prism","6"
"Ringo","carry","Reflex Block","6"
"Idris","captain","Travel Boots","6"
"Alpha","captain","Shatterglass","6"
"Taka","jungler","Weapon Blade","6"
"Idris","jungler","Barbed Needle","6"
"Kestrel","captain","Frostburn","6"
"Taka","jungler","Journey Boots","6"
"Alpha","jungler","Serpent Mask","6"
"Ringo","carry","Poisoned Shiv","6"
"Kestrel","carry","Tyrant's Monocle","6"
"Ringo","jungler","Tension Bow","6"
"Petal","carry","Lucky Strike","6"
"Glaive","captain","Stormcrown","6"
"Idris","captain","Alternating Current","6"
"Adagio","captain","Stormcrown","6"
"SAW","carry","Poisoned Shiv","6"
"Skaarf","jungler","Shatterglass","6"
"Koshka","jungler","War Treads","6"
"Adagio","carry","Lucky Strike","6"
"Lyra","jungler","Fountain of Renewal","6"
"Ozo","jungler","Lucky Strike","6"
"Lyra","captain","Oakheart","6"
"Lance","captain","Flare","6"
"Taka","captain","Heavy Prism","6"
"Joule","jungler","Eve of Harvest","6"
"Skaarf","jungler","Frostburn","6"
"Catherine","captain","Journey Boots","6"
"Flicker","captain","Ironguard Contract","6"
"Gwen","carry","Serpent Mask","6"
"Adagio","carry","Broken Myth","6"
"Kestrel","captain","Crystal Bit","6"
"Fortress","captain","Atlas Pauldron","6"
"Adagio","captain","Oakheart","6"
"Petal","carry","Sorrowblade","6"
"Gwen","captain","Travel Boots","6"
"Ringo","captain","Alternating Current","6"
"Koshka","jungler","Fountain of Renewal","6"
"Reim","carry","Eve of Harvest","6"
"Catherine","captain","Flare Gun","6"
"Lyra","carry","Clockwork","6"
"Grumpjaw","jungler","War Treads","6"
"Vox","captain","Sprint Boots","6"
"Taka","jungler","Atlas Pauldron","6"
"Ringo","carry","Eve of Harvest","6"
"Lyra","carry","Flare Gun","6"
"Joule","jungler","Metal Jacket","6"
"Ringo","carry","Heavy Steel","6"
"Blackfeather","jungler","Lucky Strike","6"
"Joule","carry","Aegis","6"
"Ardan","jungler","Tension Bow","6"
"Glaive","carry","Journey Boots","6"
"Reim","jungler","Aegis","6"
"Taka","jungler","Slumbering Husk","6"
"Petal","jungler","Aegis","6"
"Skye","captain","Broken Myth","6"
"Grumpjaw","jungler","Alternating Current","6"
"Rona","carry","Travel Boots","6"
"Rona","jungler","Tension Bow","6"
"Skye","captain","Sorrowblade","6"
"Joule","captain","Sprint Boots","5"
"Skye","jungler","Sprint Boots","5"
"Petal","jungler","Stormcrown","5"
"Petal","captain","Lucky Strike","5"
"Fortress","jungler","Sprint Boots","5"
"Samuel","captain","Frostburn","5"
"Koshka","jungler","Halcyon Potion","5"
"SAW","carry","Broken Myth","5"
"Adagio","captain","Crystal Bit","5"
"Blackfeather","jungler","Heavy Prism","5"
"Krul","jungler",NULL,"5"
"Fortress","jungler","Serpent Mask","5"
"Rona","captain","Breaking Point","5"
"Ringo","jungler","Tyrant's Monocle","5"
"Glaive","jungler","Reflex Block","5"
"Lyra","captain","Crystal Bit","5"
"Skaarf","captain","Frostburn","5"
"Gwen","carry","Bonesaw","5"
"Baptiste","jungler","Stormcrown","5"
"Skaarf","carry","Sprint Boots","5"
"Catherine","carry","Metal Jacket","5"
"Adagio","captain","Shatterglass","5"
"Glaive","captain","Tension Bow","5"
"Lance","carry","Tension Bow","5"
"Vox","captain","Travel Boots","5"
"Catherine","carry","Aftershock","5"
"Ringo","jungler","Lucky Strike","5"
"Glaive","jungler","Clockwork","5"
"Flicker","jungler","Crucible","5"
"Catherine","captain","Lifespring","5"
"Ringo","carry","Stormcrown","5"
"Taka","captain","Tension Bow","5"
"Grumpjaw","jungler","Halcyon Chargers","5"
"Ardan","captain","Coat of Plates","5"
"Blackfeather","jungler","Blazing Salvo","5"
"Baron","captain",NULL,"5"
"Catherine","captain","Chronograph","5"
"Skaarf","carry","Aegis","5"
"Taka","captain","Fountain of Renewal","5"
"Catherine","carry","Travel Boots","5"
"Vox","captain","Blazing Salvo","5"
"Adagio","carry","Contraption","5"
"Koshka","captain","Reflex Block","5"
"Adagio","captain","Flare Gun","5"
"Taka","jungler","Kinetic Shield","5"
"Lyra","captain","Stormguard Banner","5"
"Ardan","captain","Scout Trap","5"
"Glaive","captain","Ironguard Contract","5"
"Kestrel","carry","Journey Boots","5"
"Krul","captain","Sprint Boots","5"
"Phinn","captain","Metal Jacket","5"
"Lance","captain","Flare Gun","5"
"Grumpjaw","captain","Travel Boots","5"
"Ringo","jungler","Tornado Trigger","5"
"SAW","captain","Heavy Prism","5"
"Lyra","carry","Crucible","5"
"Krul","captain","Halcyon Potion","5"
"Baptiste","jungler","Serpent Mask","5"
"Krul","jungler","Coat of Plates","5"
"Phinn","carry","War Treads","5"
"Ringo","carry","Blazing Salvo","5"
"Ozo","captain","Travel Boots","5"
"Lance","captain","Metal Jacket","5"
"SAW","carry","Tornado Trigger","5"
"Phinn","jungler","War Treads","5"
"Lyra","captain","Shatterglass","5"
"Kestrel","captain","Eve of Harvest","5"
"Phinn","carry","Stormcrown","5"
"Celeste","captain","Frostburn","5"
"SAW","captain","Halcyon Potion","5"
"Joule","jungler","Heavy Steel","5"
"Phinn","captain","Aegis","5"
"Idris","carry","Broken Myth","5"
"Alpha","carry","Sorrowblade","5"
"Gwen","captain","Halcyon Potion","5"
"Lance","captain","Aegis","5"
"Phinn","carry","Travel Boots","5"
"Taka","jungler","Reflex Block","5"
"Gwen","jungler","Tension Bow","5"
"Ringo","captain","Halcyon Potion","5"
"Reim","jungler",NULL,"5"
"Celeste","captain","Shatterglass","5"
"Kestrel","captain","Weapon Blade","5"
"Baron","carry","Frostburn","5"
"Ozo","captain","Shatterglass","5"
"Alpha","jungler","Journey Boots","5"
"Kestrel","jungler","Journey Boots","5"
"Kestrel","captain","Broken Myth","5"
"Flicker","carry","War Treads","5"
"Ringo","captain","Blazing Salvo","5"
"Lyra","captain","Heavy Prism","5"
"Adagio","carry","War Treads","5"
"Baptiste","captain","Shatterglass","5"
"Rona","captain","Sprint Boots","5"
"Blackfeather","carry","Atlas Pauldron","5"
"Adagio","captain","Heavy Prism","5"
"Koshka","jungler","Journey Boots","5"
"Celeste","jungler","Halcyon Chargers","5"
"Ringo","captain","Shatterglass","5"
"Kestrel","carry","Frostburn","5"
"Blackfeather","captain","Halcyon Potion","5"
"Baron","carry","Tension Bow","5"
"SAW","carry","Coat of Plates","5"
"Lance","carry","Travel Boots","5"
"Lance","captain","Oakheart","5"
"Catherine","captain","Coat of Plates","5"
"Alpha","jungler","Metal Jacket","5"
"Skye","carry","Journey Boots","5"
"Koshka","jungler","Coat of Plates","5"
"Ardan","captain","Stormguard Banner","5"
"Idris","jungler","Aegis","5"
"Rona","carry","Breaking Point","4"
"Skaarf","carry","Eclipse Prism","4"
"Ardan","captain","Light Shield","4"
"Catherine","jungler","Bonesaw","4"
"Glaive","carry","Tornado Trigger","4"
"Idris","jungler","Lucky Strike","4"
"Reim","jungler","Clockwork","4"
"Lyra","captain","Flare Gun","4"
"Samuel","carry","Alternating Current","4"
"Adagio","captain",NULL,"4"
"Joule","captain","Halcyon Potion","4"
"Skye","jungler","Reflex Block","4"
"Blackfeather","captain","Barbed Needle","4"
"Lyra","captain",NULL,"4"
"Baptiste","jungler","Broken Myth","4"
"Flicker","jungler","Eclipse Prism","4"
"Blackfeather","captain","Sorrowblade","4"
"SAW","carry","Clockwork","4"
"Ardan","captain","Metal Jacket","4"
"Baron","carry","Poisoned Shiv","4"
"Blackfeather","carry","Metal Jacket","4"
"Samuel","captain","Broken Myth","4"
"SAW","carry","Tension Bow","4"
"Ozo","jungler","Halcyon Chargers","4"
"Lance","jungler","War Treads","4"
"Lance","captain","Stormguard Banner","4"
"Baron","carry","Serpent Mask","4"
"Idris","carry","Metal Jacket","4"
"Taka","captain","Blazing Salvo","4"
"Skye","jungler","Breaking Point","4"
"Koshka","captain","Halcyon Potion","4"
"Ozo","jungler","Serpent Mask","4"
"Blackfeather","jungler","Barbed Needle","4"
"Skaarf","captain","Broken Myth","4"
"Vox","carry","Shatterglass","4"
"Gwen","carry","Broken Myth","4"
"Catherine","captain","Light Shield","4"
"Petal","captain","Halcyon Potion","4"
"Kestrel","jungler","Breaking Point","4"
"Glaive","jungler","Poisoned Shiv","4"
"Rona","jungler","Sprint Boots","4"
"Krul","captain","Bonesaw","4"
"Idris","carry","Breaking Point","4"
"Vox","carry","Reflex Block","4"
"Petal","jungler","Aftershock","4"
"Skaarf","carry","Clockwork","4"
"Alpha","jungler","War Treads","4"
"Rona","jungler","Metal Jacket","4"
"Koshka","captain","Oakheart","4"
"Skaarf","carry","Journey Boots","4"
"Taka","captain",NULL,"4"
"Vox","captain","Halcyon Potion","4"
"Blackfeather","carry",NULL,"4"
"Adagio","captain","Halcyon Chargers","4"
"Grumpjaw","captain","Crucible","4"
"Vox","jungler","Travel Boots","4"
"Blackfeather","jungler","Eve of Harvest","4"
"Catherine","jungler","Contraption","4"
"Koshka","captain","Broken Myth","4"
"Kestrel","jungler",NULL,"4"
"Lyra","captain","Protector Contract","4"
"Joule","captain","Breaking Point","4"
"Krul","captain","Shiversteel","4"
"Ardan","captain","Oakheart","4"
"Glaive","jungler","Six Sins","4"
"Phinn","captain","Kinetic Shield","4"
"Krul","jungler","Shiversteel","4"
"Joule","jungler","Aftershock","4"
"Alpha","jungler","Stormguard Banner","4"
"Flicker","captain",NULL,"4"
"Kestrel","jungler","Eve of Harvest","4"
"SAW","carry","Frostburn","4"
"Ozo","jungler","Sprint Boots","4"
"Phinn","jungler","Stormcrown","4"
"Flicker","captain","Slumbering Husk","4"
"Samuel","carry","Aegis","4"
"Gwen","captain","Sprint Boots","4"
"Grumpjaw","captain","Sorrowblade","4"
"Alpha","captain","Halcyon Potion","4"
"Koshka","captain","Crystal Bit","4"
"Baptiste","jungler","Halcyon Chargers","4"
"Lance","captain","Six Sins","4"
"Fortress","jungler","Eclipse Prism","4"
"Gwen","captain","Weapon Blade","4"
"Baron","carry",NULL,"4"
"Taka","captain","Halcyon Chargers","4"
"Fortress","captain",NULL,"4"
"Petal","carry","Halcyon Chargers","4"
"Skaarf","jungler","Broken Myth","4"
"Rona","jungler","Aegis","4"
"Taka","captain","Weapon Blade","4"
"Phinn","captain","Journey Boots","4"
"Idris","carry","Sprint Boots","4"
"SAW","carry","Six Sins","4"
"Flicker","jungler","Lucky Strike","4"
"Fortress","captain","Flare Gun","4"
"Glaive","jungler","Stormguard Banner","4"
"Ozo","captain","Eve of Harvest","4"
"Celeste","captain","Halcyon Potion","4"
"SAW","carry","Barbed Needle","4"
"Phinn","jungler","Travel Boots","4"
"Phinn","captain","Crystal Bit","4"
"Lyra","jungler","Alternating Current","4"
"SAW","captain","Weapon Blade","4"
"Baptiste","carry","Halcyon Chargers","4"
"Krul","captain","Weapon Blade","4"
"Ardan","carry","Crucible","4"
"Lance","captain","Scout Trap","4"
"Celeste","captain","Crystal Bit","4"
"Skye","carry",NULL,"4"
"Idris","carry",NULL,"4"
"Catherine","jungler","Heavy Steel","4"
"Catherine","jungler","Metal Jacket","4"
"Grumpjaw","jungler","Aegis","4"
"SAW","carry","Lucky Strike","4"
"Joule","carry","Poisoned Shiv","4"
"Idris","jungler","Breaking Point","4"
"Samuel","jungler","Halcyon Chargers","4"
"Samuel","jungler","Sprint Boots","4"
"Celeste","captain","Clockwork","4"
"Rona","jungler","Heavy Steel","4"
"Ringo","captain","Six Sins","4"
"Lyra","jungler","Eve of Harvest","4"
"Skye","jungler",NULL,"4"
"Ardan","jungler","Crucible","4"
"Reim","jungler","Journey Boots","4"
"Glaive","carry","Tension Bow","4"
"Joule","carry","Serpent Mask","4"
"Baptiste","captain","Sprint Boots","4"
"Lance","captain","Nullwave Gauntlet","4"
"Baron","carry","Clockwork","4"
"SAW","jungler",NULL,"4"
"Alpha","jungler","Swift Shooter","4"
"Samuel","captain","Shatterglass","4"
"Adagio","captain","Coat of Plates","4"
"Joule","carry","Coat of Plates","4"
"Vox","captain","Six Sins","4"
"Taka","jungler","Void Battery","4"
"SAW","carry","Bonesaw","4"
"SAW","captain","Barbed Needle","4"
"Catherine","captain","Kinetic Shield","4"
"Blackfeather","jungler","Tornado Trigger","4"
"Kestrel","carry","Serpent Mask","3"
"Lyra","carry","Blazing Salvo","3"
"Samuel","carry","Breaking Point","3"
"Skaarf","captain","Piercing Shard","3"
"Rona","jungler","Broken Myth","3"
"Adagio","carry","Eve of Harvest","3"
"Koshka","jungler","Piercing Shard","3"
"Skye","captain","Crystal Bit","3"
"Blackfeather","captain","Book of Eulogies","3"
"SAW","carry","Stormcrown","3"
"Ozo","jungler",NULL,"3"
"Baptiste","captain","Oakheart","3"
"Ardan","jungler","Contraption","3"
"Adagio","captain","Void Battery","3"
"Ozo","captain","Crystal Bit","3"
"Skye","carry","Sprint Boots","3"
"Koshka","captain","Eve of Harvest","3"
"Ozo","jungler","Piercing Shard","3"
"Ardan","jungler","Aftershock","3"
"Vox","captain","Tyrant's Monocle","3"
"Idris","jungler","Tension Bow","3"
"Catherine","captain","Heavy Steel","3"
"Blackfeather","carry","Broken Myth","3"
"Baron","captain","Weapon Blade","3"
"Kestrel","carry","Tension Bow","3"
"Reim","jungler","Aftershock","3"
"Taka","jungler","Tyrant's Monocle","3"
"Adagio","carry","Clockwork","3"
"SAW","carry","Crucible","3"
"Lance","carry","War Treads","3"
"Blackfeather","jungler","Atlas Pauldron","3"
"Reim","jungler","Sprint Boots","3"
"Vox","carry","Oakheart","3"
"Fortress","captain","Oakheart","3"
"Koshka","jungler","Eve of Harvest","3"
"Lance","carry","Crucible","3"
"Lance","jungler","Tyrant's Monocle","3"
"Kestrel","carry","Coat of Plates","3"
"Joule","jungler","Halcyon Potion","3"
"Gwen","carry","Clockwork","3"
"Fortress","captain","Coat of Plates","3"
"Skye","captain","Heavy Steel","3"
"Grumpjaw","jungler","Tension Bow","3"
"Baptiste","jungler","Tornado Trigger","3"
"Ardan","captain","Protector Contract","3"
"Adagio","jungler","Stormcrown","3"
"Phinn","captain","Protector Contract","3"
"Idris","captain","Sprint Boots","3"
"Reim","jungler","Atlas Pauldron","3"
"Alpha","captain","Sprint Boots","3"
"Grumpjaw","jungler","Tyrant's Monocle","3"
"Krul","jungler","Lucky Strike","3"
"Lance","jungler","Crucible","3"
"Catherine","carry","Slumbering Husk","3"
"Glaive","jungler","War Treads","3"
"Rona","jungler","Tyrant's Monocle","3"
"Fortress","captain","Eclipse Prism","3"
"Skye","jungler","Heavy Prism","3"
"Koshka","captain","Travel Boots","3"
"Baptiste","captain","War Treads","3"
"Vox","captain","Alternating Current","3"
"Idris","jungler","Sprint Boots","3"
"Blackfeather","carry","Tornado Trigger","3"
"Blackfeather","jungler","Frostburn","3"
"Flicker","jungler","Frostburn","3"
"Koshka","captain","Frostburn","3"
"Blackfeather","captain","Heavy Steel","3"
"Baptiste","jungler","Travel Boots","3"
"Lance","captain","Poisoned Shiv","3"
"Fortress","jungler","Slumbering Husk","3"
"Idris","jungler","Metal Jacket","3"
"Glaive","carry","Book of Eulogies","3"
"Glaive","jungler","Halcyon Potion","3"
"Glaive","captain","Serpent Mask","3"
"Phinn","captain","Dragonheart","3"
"Alpha","jungler","Halcyon Potion","3"
"Alpha","captain","Stormguard Banner","3"
"Taka","jungler","Piercing Shard","3"
"Rona","jungler","Six Sins","3"
"Flicker","jungler","Contraption","3"
"Skye","captain","Sprint Boots","3"
"Reim","captain","Travel Boots","3"
"Taka","captain","Eve of Harvest","3"
"Ardan","captain","Shiversteel","3"
"Adagio","jungler","Travel Boots","3"
"Lyra","captain","Scout Trap","3"
"Joule","jungler","Heavy Prism","3"
"Skaarf","captain","Heavy Prism","3"
"Ardan","captain","Lifespring","3"
"Vox","jungler","Tyrant's Monocle","3"
"Krul","jungler","Fountain of Renewal","3"
"Alpha","jungler","Tyrant's Monocle","3"
"Alpha","captain","Oakheart","3"
"Rona","jungler","Blazing Salvo","3"
"Fortress","captain","Journey Boots","3"
"Kestrel","jungler","Tension Bow","3"
"Baptiste","jungler","Alternating Current","3"
"Taka","captain","Stormguard Banner","3"
"Rona","carry","Journey Boots","3"
"Rona","jungler","Bonesaw","3"
"Baptiste","carry","Broken Myth","3"
"Fortress","jungler","Alternating Current","3"
"Samuel","jungler","Reflex Block","3"
"Ringo","jungler","Shatterglass","3"
"Reim","jungler","Light Shield","3"
"Taka","jungler","Eclipse Prism","3"
"Taka","captain","Breaking Point","3"
"Alpha","jungler","Kinetic Shield","3"
"Phinn","carry","Shatterglass","3"
"Ringo","carry","Halcyon Potion","3"
"Taka","captain","Heavy Steel","3"
"Lance","captain","Halcyon Chargers","3"
"Fortress","jungler","Halcyon Potion","3"
"Vox","jungler","Tension Bow","3"
"Blackfeather","carry","Coat of Plates","3"
"Grumpjaw","captain",NULL,"3"
"Taka","jungler","Crystal Bit","3"
"Grumpjaw","captain","Halcyon Potion","3"
"Joule","jungler","War Treads","3"
"Koshka","captain","Alternating Current","3"
"Blackfeather","captain","Crystal Bit","3"
"Lyra","captain","Metal Jacket","3"
"Baptiste","carry","Alternating Current","3"
"Taka","captain","Crystal Bit","3"
"Idris","captain","Crystal Bit","3"
"Krul","jungler","Weapon Blade","3"
"Vox","jungler","Journey Boots","3"
"Ringo","carry","Oakheart","3"
"Petal","jungler","Halcyon Potion","3"
"Vox","jungler","Halcyon Chargers","3"
"Baron","jungler","Travel Boots","3"
"Phinn","carry","Crucible","3"
"Baptiste","carry","Fountain of Renewal","3"
"Fortress","jungler","Breaking Point","3"
"Alpha","carry","Shatterglass","3"
"Taka","captain","Journey Boots","3"
"Catherine","jungler","Journey Boots","3"
"Kestrel","captain","Eclipse Prism","3"
"Alpha","carry","Stormcrown","3"
"Rona","jungler","Light Shield","3"
"Phinn","jungler","Crucible","3"
"Ringo","captain","Energy Battery","3"
"Koshka","captain",NULL,"3"
"Baptiste","carry","Frostburn","3"
"Vox","jungler","Broken Myth","3"
"Kestrel","jungler","Void Battery","3"
"Gwen","jungler","Travel Boots","3"
"Skye","carry","Alternating Current","3"
"Adagio","captain","Protector Contract","3"
"Taka","carry","Shatterglass","3"
"Alpha","jungler","Piercing Shard","3"
"Rona","jungler","Atlas Pauldron","3"
"Lyra","captain","Broken Myth","3"
"Kestrel","carry","Tornado Trigger","3"
"Koshka","jungler","Slumbering Husk","3"
"Phinn","captain","Coat of Plates","3"
"Grumpjaw","jungler","Heavy Steel","3"
"Celeste","carry","Sprint Boots","3"
"Lyra","jungler","Travel Boots","3"
"Lyra","captain","Dragonheart","3"
"Samuel","carry",NULL,"3"
"Fortress","captain","Halcyon Chargers","3"
"Celeste","captain","Halcyon Chargers","3"
"Adagio","captain","Echo","3"
"Grumpjaw","captain","Sprint Boots","3"
"Fortress","carry","Stormcrown","3"
"Ringo","carry","Six Sins","3"
"Baptiste","captain","Journey Boots","3"
"Skaarf","jungler","Travel Boots","3"
"Lance","captain","Heavy Prism","3"
"Fortress","jungler","Tension Bow","3"
"Flicker","carry","Stormcrown","3"
"Lyra","jungler","Sorrowblade","3"
"Vox","jungler","Tornado Trigger","3"
"Celeste","captain","Heavy Prism","3"
"Adagio","carry",NULL,"3"
"Reim","carry","Frostburn","3"
"Joule","carry","Echo","3"
"Catherine","jungler",NULL,"3"
"Taka","carry","Stormcrown","3"
"Petal","jungler","Reflex Block","3"
"Fortress","jungler","Tornado Trigger","3"
"Ringo","captain","Tyrant's Monocle","3"
"Taka","jungler","Breaking Point","3"
"Rona","jungler","Light Armor","3"
"Catherine","captain","Flare","3"
"Gwen","captain","Alternating Current","3"
"Krul","jungler","Six Sins","3"
"Fortress","jungler","Halcyon Chargers","3"
"Ozo","captain","Heavy Prism","3"
"Krul","captain","Travel Boots","3"
"Gwen","jungler","Breaking Point","3"
"Adagio","captain","Dragonheart","3"
"Glaive","captain","Atlas Pauldron","3"
"Reim","carry","Broken Myth","3"
"Krul","jungler","Metal Jacket","3"
"Joule","jungler","Reflex Block","3"
"Idris","jungler","War Treads","3"
"Catherine","captain","Tornado Trigger","3"
"Phinn","captain","Halcyon Potion","3"
"Samuel","jungler","Aegis","3"
"Gwen","jungler","Shatterglass","3"
"Catherine","captain","Heavy Prism","3"
"Adagio","captain","Flare","3"
"Petal","carry","Broken Myth","3"
"Skye","captain","Eve of Harvest","3"
"Baptiste","captain","Crucible","3"
"Vox","captain","Tornado Trigger","3"
"Catherine","jungler","Poisoned Shiv","3"
"Adagio","captain","Broken Myth","3"
"Phinn","captain","Heavy Prism","3"
"Lyra","carry","Tornado Trigger","3"
"Taka","jungler","Poisoned Shiv","3"
"Flicker","jungler","Slumbering Husk","3"
"Ozo","carry","Aftershock","3"
"Baptiste","captain","Halcyon Potion","3"
"Baron","carry","Sprint Boots","3"
"Catherine","jungler","Breaking Point","3"
"Flicker","captain","Shatterglass","3"
"Kestrel","carry",NULL,"3"
"Gwen","carry","Metal Jacket","3"
"Krul","jungler","Reflex Block","3"
"Adagio","captain","Lifespring","3"
"Glaive","captain","Aftershock","3"
"Flicker","captain","Sorrowblade","2"
"Reim","jungler","Fountain of Renewal","2"
"Taka","jungler","Light Shield","2"
"Samuel","captain","Crystal Bit","2"
"Catherine","captain","Reflex Block","2"
"Adagio","jungler","Contraption","2"
"Glaive","captain","Tyrant's Monocle","2"
"Phinn","captain","Frostburn","2"
"Alpha","jungler","Poisoned Shiv","2"
"Joule","captain","Six Sins","2"
"Rona","carry","War Treads","2"
"Vox","carry","Book of Eulogies","2"
"Fortress","captain","Ironguard Contract","2"
"Skye","jungler","Aegis","2"
"Catherine","captain","Energy Battery","2"
"Grumpjaw","jungler","Frostburn","2"
"Lance","captain","Light Shield","2"
"Ardan","captain","Echo","2"
"Ringo","captain","Serpent Mask","2"
"Vox","captain",NULL,"2"
"Idris","jungler","Stormcrown","2"
"Lyra","carry","Aftershock","2"
"SAW","jungler","Tyrant's Monocle","2"
"Skaarf","captain","Sprint Boots","2"
"Flicker","jungler","Sprint Boots","2"
"Fortress","captain","Serpent Mask","2"
"Ringo","carry","Frostburn","2"
"Reim","captain","Shatterglass","2"
"Joule","carry","Breaking Point","2"
"SAW","captain","Breaking Point","2"
"Ardan","captain","Slumbering Husk","2"
"Baron","carry","Eve of Harvest","2"
"Reim","captain","Halcyon Potion","2"
"Joule","carry","Book of Eulogies","2"
"Lance","jungler","Contraption","2"
"Ardan","jungler","Aegis","2"
"Vox","captain","Coat of Plates","2"
"Glaive","carry","Aegis","2"
"Lyra","carry","Heavy Prism","2"
"Petal","captain","Aftershock","2"
"Alpha","jungler","Heavy Steel","2"
"Joule","jungler","Contraption","2"
"Catherine","captain","Clockwork","2"
"Petal","captain","Crucible","2"
"Gwen","captain",NULL,"2"
"Grumpjaw","carry","Sorrowblade","2"
"Lyra","captain","Coat of Plates","2"
"Ozo","jungler","Atlas Pauldron","2"
"Ardan","captain","Kinetic Shield","2"
"Adagio","jungler","Tension Bow","2"
"Glaive","carry","Stormcrown","2"
"Glaive","jungler","Broken Myth","2"
"Lyra","captain","Nullwave Gauntlet","2"
"Joule","captain","Crystal Bit","2"
"Catherine","captain","Breaking Point","2"
"Koshka","jungler","Kinetic Shield","2"
"Blackfeather","captain","Sprint Boots","2"
"Reim","captain","Alternating Current","2"
"Joule","carry","Reflex Block","2"
"SAW","captain","War Treads","2"
"Skaarf","carry","Weapon Infusion","2"
"Fortress","jungler","Poisoned Shiv","2"
"Ringo","captain","Halcyon Chargers","2"
"Adagio","captain","Energy Battery","2"
"Glaive","carry","Light Armor","2"
"Blackfeather","jungler","Bonesaw","2"
"Lyra","carry","Oakheart","2"
"Petal","captain","Broken Myth","2"
"Idris","captain",NULL,"2"
"SAW","jungler","Shatterglass","2"
"Joule","jungler","Piercing Shard","2"
"Vox","carry","Energy Battery","2"
"Catherine","captain","Swift Shooter","2"
"Joule","carry","Journey Boots","2"
"Baptiste","captain","Travel Boots","2"
"Lance","captain","Slumbering Husk","2"
"Baron","carry","Broken Myth","2"
"Blackfeather","carry","Aegis","2"
"Adagio","captain","Blazing Salvo","2"
"Glaive","carry","Tyrant's Monocle","2"
"Blackfeather","jungler","Stormcrown","2"
"Idris","captain","Frostburn","2"
"Kestrel","carry","Oakheart","2"
"SAW","jungler","Broken Myth","2"
"Joule","jungler","Aegis","2"
"Taka","captain","Sorrowblade","2"
"Skye","carry","Poisoned Shiv","2"
"Skye","captain","Heavy Prism","2"
"SAW","carry","Kinetic Shield","2"
"Ozo","jungler","Bonesaw","2"
"Krul","jungler","Atlas Pauldron","2"
"Joule","carry","Six Sins","2"
"Baptiste","jungler","War Treads","2"
"Lance","captain","Serpent Mask","2"
"Fortress","jungler","Shatterglass","2"
"Catherine","carry","Halcyon Chargers","2"
"Adagio","captain","Tornado Trigger","2"
"Idris","captain","Scout Trap","2"
"Lyra","captain","Clockwork","2"
"Taka","jungler","Bonesaw","2"
"Skaarf","captain","Void Battery","2"
"Vox","carry","Light Shield","2"
"Gwen","carry","Coat of Plates","2"
"SAW","carry","Heavy Steel","2"
"Reim","captain","Broken Myth","2"
"Lance","carry","Stormcrown","2"
"Ardan","captain","Alternating Current","2"
"Blackfeather","carry","Sprint Boots","2"
"Ringo","jungler","Echo","2"
"Ringo","captain","Void Battery","2"
"Adagio","jungler","Halcyon Chargers","2"
"Adagio","captain","Eclipse Prism","2"
"Blackfeather","jungler","Reflex Block","2"
"Idris","captain","Breaking Point","2"
"Kestrel","carry","Poisoned Shiv","2"
"Taka","captain","Chronograph","2"
"Samuel","carry","Serpent Mask","2"
"Rona","carry","Aegis","2"
"Gwen","carry","Minion Candy","2"
"Fortress","captain","Sorrowblade","2"
"Blackfeather","captain","Poisoned Shiv","2"
"Grumpjaw","jungler","Sprint Boots","2"
"Lyra","captain","Blazing Salvo","2"
"Baptiste","jungler","Eve of Harvest","2"
"Rona","captain","Six Sins","2"
"Glaive","carry","Coat of Plates","2"
"Glaive","captain","Heavy Prism","2"
"Blackfeather","jungler","Tension Bow","2"
"Samuel","carry","Lucky Strike","2"
"Samuel","captain","Alternating Current","2"
"Gwen","carry","War Treads","2"
"Flicker","jungler","Crystal Bit","2"
"Adagio","carry","Stormguard Banner","2"
"Skye","captain","Swift Shooter","2"
"Kestrel","jungler","Alternating Current","2"
"SAW","carry","Oakheart","2"
"Reim","captain","Crystal Bit","2"
"Lance","carry","Aegis","2"
"Fortress","jungler","Coat of Plates","2"
"Adagio","jungler","Aegis","2"
"Blackfeather","jungler","Heavy Steel","2"
"Petal","captain","Eve of Harvest","2"
"Lyra","captain","Light Armor","2"
"Taka","captain","Crucible","2"
"Taka","jungler","Contraption","2"
"Skaarf","captain","Alternating Current","2"
"Samuel","captain","Lucky Strike","2"
"Vox","carry","Barbed Needle","2"
"Gwen","carry","Eve of Harvest","2"
"Flicker","jungler","Sorrowblade","2"
"Ringo","carry","Kinetic Shield","2"
"Fortress","jungler","Heavy Prism","2"
"Glaive","jungler","Oakheart","2"
"Grumpjaw","captain","Stormcrown","2"
"Taka","jungler","Dragonheart","2"
"Alpha","captain","Crystal Bit","2"
"Joule","jungler","Serpent Mask","2"
"Joule","captain","Travel Boots","2"
"Taka","jungler","Light Armor","2"
"Vox","carry","Bonesaw","2"
"Gwen","carry","Alternating Current","2"
"Koshka","jungler","Clockwork","2"
"Skye","captain","Breaking Point","2"
"Grumpjaw","jungler","Serpent Mask","2"
"Ozo","jungler","Journey Boots","2"
"Taka","captain","Light Shield","2"
"Ardan","captain","Aftershock","2"
"Adagio","captain","Hourglass","2"
"Glaive","captain","Chronograph","2"
"Idris","jungler","Halcyon Chargers","2"
"Petal","captain","Piercing Shard","2"
"Kestrel","captain","Journey Boots","2"
"Skaarf","captain","Halcyon Potion","2"
"Catherine","captain","Dragonheart","2"
"Vox","carry","Six Sins","2"
"Phinn","jungler",NULL,"2"
"Adagio","carry","Sprint Boots","2"
"Skye","captain","Void Battery","2"
"Ozo","jungler","Breaking Point","2"
"Ozo","captain","Sprint Boots","2"
"Glaive","captain","Blazing Salvo","2"
"Blackfeather","jungler","War Treads","2"
"Joule","captain","Tension Bow","2"
"Alpha","captain","Travel Boots","2"
"Skaarf","captain","Aftershock","2"
"Rona","jungler","Coat of Plates","2"
"Phinn","carry","Clockwork","2"
"Phinn","jungler","Shatterglass","2"
"Adagio","carry","Ironguard Contract","2"
"SAW","carry","Blazing Salvo","2"
"Ozo","jungler","Heavy Prism","2"
"Lance","jungler","Aegis","2"
"Baron","carry","Reflex Block","2"
"Ardan","captain","Dragonheart","2"
"Adagio","captain","Clockwork","2"
"Blackfeather","jungler","Swift Shooter","2"
"Phinn","captain","Clockwork","2"
"Blackfeather","jungler","Coat of Plates","2"
"Alpha","captain","Broken Myth","2"
"Baron","carry","Coat of Plates","2"
"Rona","jungler","Fountain of Renewal","2"
"Flicker","jungler",NULL,"2"
"Fortress","captain","Chronograph","2"
"Catherine","captain","Void Battery","2"
"Glaive","jungler","Crucible","2"
"Petal","jungler","Heavy Prism","2"
"Grumpjaw","jungler","Atlas Pauldron","2"
"Ozo","jungler","Minion Candy","2"
"Lyra","captain","Light Shield","2"
"Baptiste","jungler","Sorrowblade","2"
"Glaive","jungler","Void Battery","2"
"Blackfeather","jungler","Kinetic Shield","2"
"Phinn","captain","Lifespring","2"
"Taka","jungler","Frostburn","2"
"Alpha","jungler","Six Sins","2"
"Joule","captain","Journey Boots","2"
"Catherine","jungler","Alternating Current","2"
"Flicker","jungler","Travel Boots","2"
"Fortress","captain","Aegis","2"
"Catherine","captain","Eclipse Prism","2"
"Phinn","carry","Contraption","2"
"Ringo","captain","Heavy Prism","2"
"Blackfeather","captain","Breaking Point","2"
"Ozo","captain","Metal Jacket","2"
"Baptiste","carry","Serpent Mask","2"
"Krul","captain",NULL,"2"
"Celeste","captain","Broken Myth","2"
"Ringo","jungler","Clockwork","2"
"Catherine","jungler","Coat of Plates","2"
"Ringo","captain",NULL,"2"
"Koshka","jungler","Hourglass","2"
"Koshka","captain","Halcyon Chargers","2"
"Petal","jungler","Tornado Trigger","2"
"Blackfeather","captain","Swift Shooter","2"
"Lyra","jungler","Lucky Strike","2"
"Baptiste","jungler","Poisoned Shiv","2"
"Vox","jungler","Stormcrown","2"
"Baron","jungler","Breaking Point","2"
"Adagio","captain","Reflex Block","2"
"Glaive","jungler","Kinetic Shield","2"
"Idris","captain","Heavy Prism","2"
"Joule","carry","Stormcrown","2"
"Joule","jungler","Stormcrown","2"
"Joule","captain","Broken Myth","2"
"Gwen","carry","Barbed Needle","2"
"Catherine","jungler","Aegis","2"
"Flicker","captain","Journey Boots","2"
"Ozo","captain","Fountain of Renewal","2"
"Vox","carry","Slumbering Husk","2"
"Gwen","carry","Six Sins","2"
"Fortress","jungler","Piercing Shard","2"
"Ringo","jungler",NULL,"2"
"Adagio","captain","Swift Shooter","2"
"Glaive","jungler","Weapon Blade","2"
"Glaive","captain",NULL,"2"
"Grumpjaw","captain","Shatterglass","2"
"Adagio","carry","Reflex Block","2"
"Koshka","jungler","Eclipse Prism","2"
"Petal","jungler","Energy Battery","2"
"Flicker","captain","Metal Jacket","2"
"Lyra","jungler","Stormcrown","2"
"Krul","captain","Six Sins","2"
"Samuel","carry","Coat of Plates","2"
"Baptiste","jungler",NULL,"2"
"Lance","captain","Shiversteel","2"
"Skye","carry","Clockwork","2"
"Adagio","captain","Weapon Blade","2"
"Ozo","jungler","War Treads","2"
"Rona","jungler","Stormcrown","2"
"Catherine","jungler","Slumbering Husk","2"
"Ringo","captain","Crystal Bit","2"
"Krul","carry","Shiversteel","2"
"Taka","captain","Bonesaw","2"
"Vox","carry","Fountain of Renewal","2"
"Vox","jungler","Stormguard Banner","2"
"Ringo","carry","Book of Eulogies","2"
"Koshka","jungler","Metal Jacket","2"
"Petal","carry","Serpent Mask","2"
"Glaive","jungler","Energy Battery","2"
"Grumpjaw","captain","Halcyon Chargers","2"
"Joule","jungler","Tension Bow","2"
"Skaarf","jungler","Journey Boots","2"
"Flicker","carry","Aftershock","2"
"Petal","jungler","Crystal Bit","2"
"Lyra","jungler",NULL,"2"
"Vox","carry","Atlas Pauldron","2"
"Fortress","jungler","Contraption","2"
"Vox","jungler","Serpent Mask","2"
"Glaive","jungler","Chronograph","2"
"Glaive","captain","Flare","2"
"Kestrel","carry","Light Armor","2"
"Grumpjaw","captain","Aftershock","2"
"Joule","carry","Broken Myth","2"
"SAW","captain","Travel Boots","2"
"Rona","jungler","Weapon Blade","2"
"Phinn","carry","Tornado Trigger","2"
"Koshka","carry","Aftershock","2"
"Flicker","captain","Coat of Plates","2"
"Ozo","captain","Halcyon Potion","2"
"Baptiste","carry","Aegis","2"
"Samuel","jungler",NULL,"2"
"Gwen","carry","Slumbering Husk","2"
"Adagio","carry","Aegis","2"
"Adagio","captain","Nullwave Gauntlet","2"
"Gwen","captain","Tornado Trigger","2"
"Idris","carry","Tension Bow","2"
"SAW","captain","Journey Boots","2"
"Baron","carry","Echo","2"
"Fortress","captain","Dragonheart","2"
"Adagio","captain","Halcyon Potion","2"
"Krul","captain","Lucky Strike","2"
"Vox","carry","Kinetic Shield","2"
"Taka","captain","Frostburn","2"
"Lance","captain","Chronograph","2"
"Fortress","carry","War Treads","2"
"Vox","carry","Broken Myth","2"
"Skye","carry","Void Battery","2"
"Petal","carry","Heavy Prism","2"
"Catherine","captain","Aegis","2"
"Blackfeather","jungler","Tyrant's Monocle","2"
"Reim","jungler","Kinetic Shield","2"
"Krul","carry","Tornado Trigger","2"
"Krul","captain","Tyrant's Monocle","2"
"Lyra","carry","Tyrant's Monocle","2"
"Lyra","jungler","Halcyon Chargers","2"
"Krul","carry","Poisoned Shiv","2"
"Lyra","captain","Sorrowblade","2"
"Ozo","captain","Coat of Plates","2"
"Vox","carry","Frostburn","2"
"Gwen","jungler","Tyrant's Monocle","2"
"Ringo","jungler","Reflex Block","2"
"Gwen","captain","Six Sins","2"
"Grumpjaw","captain","Journey Boots","2"
"SAW","captain",NULL,"2"
"Celeste","carry",NULL,"2"
"Rona","captain","Travel Boots","2"
"Glaive","captain","Lucky Strike","2"
"Flicker","captain","Halcyon Chargers","2"
"Samuel","carry","Fountain of Renewal","2"
"Lance","captain","Breaking Point","2"
"Fortress","carry","Sorrowblade","2"
"Vox","carry","Clockwork","2"
"Skye","carry","Serpent Mask","2"
"Adagio","captain","Light Armor","2"
"Petal","carry","Aftershock","2"
"Idris","carry","Halcyon Chargers","2"
"Grumpjaw","jungler","Journey Boots","2"
"SAW","carry","Slumbering Husk","2"
"Joule","jungler","Clockwork","2"
"Alpha","jungler","Weapon Blade","2"
"Baron","carry","Barbed Needle","2"
"Alpha","jungler","Tension Bow","2"
"Ozo","captain",NULL,"2"
"Samuel","carry","Sprint Boots","2"
"Adagio","captain","Aegis","2"
"SAW","carry","War Treads","2"
"Joule","carry","Halcyon Chargers","2"
"SAW","captain","Eve of Harvest","2"
"Baptiste","captain","Eve of Harvest","2"
"Joule","captain","Fountain of Renewal","2"
"Taka","captain","Lucky Strike","2"
"Skye","carry","Reflex Block","2"
"Catherine","captain","Light Armor","2"
"Grumpjaw","jungler",NULL,"2"
"Ozo","jungler","Light Armor","2"
"Ardan","captain","Crystal Infusion","2"
"Catherine","jungler","Tornado Trigger","2"
"Lyra","carry",NULL,"2"
"Samuel","carry","Aftershock","2"
"Vox","carry","Heavy Steel","2"
"Gwen","captain","Blazing Salvo","2"
"Ozo","jungler","Reflex Block","2"
"Lance","carry","Halcyon Chargers","2"
"Joule","jungler","Crucible","2"
"Fortress","jungler","Journey Boots","2"
"Rona","captain","Crucible","2"
"Blackfeather","jungler","Halcyon Chargers","2"
"Flicker","captain","Halcyon Potion","2"
"Taka","captain","Eclipse Prism","2"
"Vox","carry","Stormcrown","2"
"Fortress","captain","Heavy Prism","2"
"Adagio","carry","Breaking Point","2"
"Petal","captain","Eclipse Prism","2"
"Idris","carry","Frostburn","2"
"Idris","jungler","Bonesaw","2"
"Ringo","captain","Swift Shooter","2"
"Lyra","carry","Frostburn","2"
"Samuel","captain","Heavy Prism","2"
"Ringo","carry","Minion Candy","2"
"Lance","jungler","Metal Jacket","2"
"Ardan","captain","Chronograph","2"
"Idris","captain","Weapon Blade","1"
"SAW","jungler","Alternating Current","1"
"Lyra","captain","Poisoned Shiv","1"
"Ozo","captain","Eclipse Prism","1"
"Krul","captain","Metal Jacket","1"
"Alpha","captain","Crucible","1"
"Vox","carry","Void Battery","1"
"Fortress","captain","Alternating Current","1"
"Skye","carry","Aftershock","1"
"Adagio","captain","Lucky Strike","1"
"Petal","carry","Piercing Shard","1"
"Gwen","captain","Serpent Mask","1"
"Idris","carry","Reflex Block","1"
"Ozo","carry","Sorrowblade","1"
"Kestrel","captain","Light Armor","1"
"Joule","carry","Heavy Steel","1"
"SAW","captain","Tyrant's Monocle","1"
"Lance","carry","Slumbering Husk","1"
"Joule","jungler","Swift Shooter","1"
"Celeste","carry","Lucky Strike","1"
"Vox","captain","Void Battery","1"
"Rona","captain","Heavy Steel","1"
"Blackfeather","carry","Slumbering Husk","1"
"Ringo","captain","Crucible","1"
"Glaive","carry","Fountain of Renewal","1"
"Flicker","captain","Light Armor","1"
"Idris","captain","Blazing Salvo","1"
"Krul","captain","Fountain of Renewal","1"
"Alpha","captain","Heavy Prism","1"
"Skaarf","captain","Journey Boots","1"
"Flicker","jungler","Oakheart","1"
"Adagio","carry","Slumbering Husk","1"
"Petal","carry","Breaking Point","1"
"Skye","captain","Piercing Spear","1"
"Gwen","captain","Breaking Point","1"
"Idris","carry","Six Sins","1"
"Ozo","carry","Kinetic Shield","1"
"Krul","jungler","Barbed Needle","1"
"Joule","carry","Heavy Prism","1"
"SAW","captain","Tension Bow","1"
"Lance","carry","Contraption","1"
"Joule","jungler","Kinetic Shield","1"
"Baptiste","captain","Coat of Plates","1"
"Baron","carry","Energy Battery","1"
"Fortress","jungler","Dragonheart","1"
"Celeste","carry","Void Battery","1"
"Ardan","captain","Blazing Salvo","1"
"Rona","captain","Tension Bow","1"
"Catherine","jungler","Dragonheart","1"
"Blackfeather","jungler","Book of Eulogies","1"
"Rona","captain","War Treads","1"
"Catherine","captain","Weapon Blade","1"
"Ringo","captain","Book of Eulogies","1"
"Adagio","jungler","Ironguard Contract","1"
"Glaive","carry","Breaking Point","1"
"Flicker","captain","Tornado Trigger","1"
"Petal","captain","Sprint Boots","1"
"Idris","captain","Broken Myth","1"
"Ozo","captain","Breaking Point","1"
"Samuel","carry","Kinetic Shield","1"
"Alpha","captain","Blazing Salvo","1"
"Rona","jungler","Barbed Needle","1"
"Celeste","jungler","Journey Boots","1"
"Skye","carry","Tornado Trigger","1"
"Catherine","captain","Crystal Infusion","1"
"Koshka","jungler","Sorrowblade","1"
"Koshka","captain","Sorrowblade","1"
"Gwen","captain","Fountain of Renewal","1"
"Idris","carry","Aegis","1"
"Ozo","carry","Shatterglass","1"
"Lance","carry","Flare Gun","1"
"Joule","jungler","Dragonheart","1"
"Baptiste","captain","Eclipse Prism","1"
"Fortress","jungler","Lucky Strike","1"
"Celeste","carry","Metal Jacket","1"
"Ardan","captain","Crystal Bit","1"
"SAW","captain","Piercing Spear","1"
"Baptiste","captain","Clockwork","1"
"Baron","carry","Light Shield","1"
"Ardan","captain","Hourglass","1"
"Blackfeather","jungler","Metal Jacket","1"
"Ringo","captain","Kinetic Shield","1"
"Adagio","jungler","War Treads","1"
"Glaive","captain","Six Sins","1"
"Flicker","captain","Minion Candy","1"
"Kestrel","carry","War Treads","1"
"Idris","captain","Reflex Block","1"
"SAW","jungler","Heavy Steel","1"
"Ozo","captain","Alternating Current","1"
"Samuel","carry","Blazing Salvo","1"
"Alpha","captain","Breaking Point","1"
"Rona","carry","Sorrowblade","1"
"Celeste","jungler","Reflex Block","1"
"Skye","carry","Tension Bow","1"
"Skye","jungler","Heavy Steel","1"
"Blackfeather","captain","Coat of Plates","1"
"Ozo","carry","Serpent Mask","1"
"SAW","carry","Aftershock","1"
"Ozo","jungler","Halcyon Potion","1"
"Gwen","captain","Heavy Prism","1"
"Grumpjaw","carry","Travel Boots","1"
"Alpha","carry","Aftershock","1"
"Krul","jungler","Ironguard Contract","1"
"Reim","captain","Piercing Shard","1"
"Joule","carry","Lucky Strike","1"
"SAW","captain","Alternating Current","1"
"Baptiste","captain","Flare","1"
"Ardan","jungler","Bonesaw","1"
"Catherine","carry","Contraption","1"
"Vox","captain","Aftershock","1"
"Rona","captain",NULL,"1"
"Ringo","captain","Stormcrown","1"
"Baron","captain","Void Battery","1"
"Phinn","captain","Light Shield","1"
"Flicker","captain","Nullwave Gauntlet","1"
"Lyra","carry","Journey Boots","1"
"Petal","captain","Light Armor","1"
"Reim","jungler","Metal Jacket","1"
"Idris","captain","Halcyon Chargers","1"
"SAW","jungler","Breaking Point","1"
"Alpha","jungler","Flare Gun","1"
"Ozo","captain","Six Sins","1"
"Samuel","carry","Tension Bow","1"
"Alpha","captain","Weapon Blade","1"
"Rona","carry","Metal Jacket","1"
"Vox","carry","Halcyon Potion","1"
"Celeste","jungler","Sorrowblade","1"
"Skye","carry","Piercing Shard","1"
"Ringo","carry","Aftershock","1"
"Skye","jungler","Tornado Trigger","1"
"Petal","jungler","Piercing Shard","1"
"Grumpjaw","carry","Metal Jacket","1"
"Alpha","carry","Halcyon Potion","1"
"Krul","jungler","Piercing Spear","1"
"Baptiste","captain","Stormcrown","1"
"Ardan","jungler","Atlas Pauldron","1"
"Ardan","captain","Shatterglass","1"
"Baron","captain","Crystal Bit","1"
"Samuel","carry","Piercing Shard","1"
"Joule","captain","Crystal Infusion","1"
"Taka","jungler","Chronograph","1"
"Alpha","captain","Lucky Strike","1"
"Skaarf","captain","Reflex Block","1"
"Rona","carry","Scout Trap","1"
"Gwen","carry","Ironguard Contract","1"
"Celeste","jungler","Aegis","1"
"Fortress","captain","Piercing Shard","1"
"Skye","carry","Weapon Blade","1"
"Adagio","carry","Oakheart","1"
"Petal","jungler","Coat of Plates","1"
"Skye","captain","Lifespring","1"
"Blackfeather","captain","Eclipse Prism","1"
"Grumpjaw","carry","Breaking Point","1"
"SAW","carry","Contraption","1"
"Reim","captain","Fountain of Renewal","1"
"Lance","carry","Aftershock","1"
"Baptiste","jungler","Clockwork","1"
"Fortress","jungler","Minion Candy","1"
"Ardan","captain","Breaking Point","1"
"Vox","captain","Poisoned Shiv","1"
"Idris","jungler","Coat of Plates","1"
"Rona","captain","Void Battery","1"
"Ringo","captain","Coat of Plates","1"
"Adagio","jungler","Shatterglass","1"
"Phinn","captain","Oakheart","1"
"Lyra","carry","Piercing Shard","1"
"Petal","captain","Metal Jacket","1"
"Reim","jungler","Reflex Block","1"
"Idris","captain","Heavy Steel","1"
"Lyra","captain","Chronograph","1"
"Samuel","carry","Energy Battery","1"
"Joule","captain","Heavy Prism","1"
"Taka","jungler","Heavy Steel","1"
"Alpha","captain","Halcyon Chargers","1"
"Samuel","captain","Reflex Block","1"
"Rona","carry","Kinetic Shield","1"
"Celeste","jungler","Sprint Boots","1"
"Ringo","carry","Crystal Bit","1"
"Catherine","captain","Alternating Current","1"
"Koshka","jungler","Crystal Bit","1"
"Blackfeather","captain","Slumbering Husk","1"
"Grumpjaw","carry","War Treads","1"
"Reim","captain","Clockwork","1"
"Lance","carry","Tyrant's Monocle","1"
"Skaarf","carry","Aftershock","1"
"Baron","carry","Alternating Current","1"
"Idris","carry","Coat of Plates","1"
"Ardan","captain","Heavy Steel","1"
"Rona","captain","Shatterglass","1"
"Ringo","jungler","Barbed Needle","1"
"Ringo","captain","Journey Boots","1"
"Adagio","jungler","Broken Myth","1"
"Glaive","captain","Nullwave Gauntlet","1"
"Phinn","captain","Slumbering Husk","1"
"Kestrel","carry","Halcyon Potion","1"
"Lyra","carry","Poisoned Shiv","1"
"Petal","captain","Travel Boots","1"
"Alpha","jungler","Bonesaw","1"
"Samuel","carry","Halcyon Potion","1"
"Joule","captain","Alternating Current","1"
"Taka","jungler","Fountain of Renewal","1"
"Alpha","captain","Eclipse Prism","1"
"Samuel","captain","Dragonheart","1"
"Rona","carry","Oakheart","1"
"Fortress","captain","Tornado Trigger","1"
"Skye","carry","Book of Eulogies","1"
"Skye","jungler","War Treads","1"
"Catherine","captain","Book of Eulogies","1"
"Koshka","jungler","Atlas Pauldron","1"
"Petal","captain","Dragonheart","1"
"Grumpjaw","carry","Stormcrown","1"
"Kestrel","jungler","Bonesaw","1"
"Grumpjaw","jungler","Coat of Plates","1"
"Ozo","jungler","Stormguard Banner","1"
"Krul","jungler","Minion Candy","1"
"Joule","carry","Barbed Needle","1"
"Lance","jungler","Heavy Steel","1"
"Ardan","captain","Clockwork","1"
"Rona","captain","Light Armor","1"
"Catherine","carry","Ironguard Contract","1"
"Lyra","carry","Breaking Point","1"
"Petal","captain","Reflex Block","1"
"Reim","jungler","Contraption","1"
"Idris","captain","Kinetic Shield","1"
"Lyra","captain","Journey Boots","1"
"Joule","captain","Aftershock","1"
"Alpha","captain","Frostburn","1"
"Samuel","captain","Tension Bow","1"
"Skye","carry","Kinetic Shield","1"
"Ringo","carry","Slumbering Husk","1"
"Skye","jungler","Coat of Plates","1"
"Catherine","captain","Protector Contract","1"
"Koshka","jungler","Crucible","1"
"Petal","captain","Halcyon Chargers","1"
"Grumpjaw","carry","Halcyon Potion","1"
"SAW","carry","Minion's Foot","1"
"Ozo","jungler","Tension Bow","1"
"Krul","jungler","Stormguard Banner","1"
"Joule","carry",NULL,"1"
"Lance","carry","Kinetic Shield","1"
"Lance","jungler","Breaking Point","1"
"Lance","captain","Tyrant's Monocle","1"
"Baron","carry","Ironguard Contract","1"
"Vox","captain","Contraption","1"
"Catherine","carry",NULL,"1"
"Blackfeather","carry","Crucible","1"
"Ringo","jungler","Bonesaw","1"
"Ringo","captain","Scout Trap","1"
"Glaive","jungler","Crystal Infusion","1"
"Baron","captain","Tornado Trigger","1"
"Phinn","captain","Aftershock","1"
"Lyra","carry","Energy Battery","1"
"Petal","captain",NULL,"1"
"Reim","jungler","Echo","1"
"Alpha","captain","Alternating Current","1"
"Joule","captain","Serpent Mask","1"
"Taka","jungler","Crucible","1"
"Alpha","captain","Light Armor","1"
"Vox","carry","Heavy Prism","1"
"Fortress","captain","Flare","1"
"Skye","carry","Tyrant's Monocle","1"
"Ringo","carry","Dragonheart","1"
"Skye","jungler","Minion Candy","1"
"Koshka","jungler","Chronograph","1"
"Koshka","jungler","Six Sins","1"
"Petal","jungler","Metal Jacket","1"
"Blackfeather","captain","Clockwork","1"
"Grumpjaw","carry","Aftershock","1"
"Grumpjaw","jungler","Heavy Prism","1"
"Ozo","jungler","Fountain of Renewal","1"
"Krul","jungler","Oakheart","1"
"Baptiste","carry","Sprint Boots","1"
"Krul","captain","Protector Contract","1"
"Baptiste","jungler","Breaking Point","1"
"Lance","jungler","Serpent Mask","1"
"Baron","carry","Oakheart","1"
"Rona","captain","Weapon Blade","1"
"Ringo","jungler","Crucible","1"
"Ringo","carry","Flare","1"
"Glaive","carry","Sprint Boots","1"
"Glaive","jungler","Shatterglass","1"
"Baron","captain","Eclipse Prism","1"
"Phinn","captain","Scout Trap","1"
"Idris","jungler","Tyrant's Monocle","1"
"Reim","jungler","Halcyon Potion","1"
"Joule","jungler","Scout Trap","1"
"Joule","captain","Halcyon Chargers","1"
"Alpha","captain","Serpent Mask","1"
"Rona","carry","Broken Myth","1"
"Skye","jungler","Fountain of Renewal","1"
"Adagio","carry","Coat of Plates","1"
"Koshka","jungler","Lifespring","1"
"Koshka","captain","Stormcrown","1"
"Koshka","jungler","Poisoned Shiv","1"
"Petal","jungler","Blazing Salvo","1"
"Skye","captain","Aegis","1"
"Flicker","captain","Broken Myth","1"
"Blackfeather","captain","Tension Bow","1"
"Grumpjaw","carry","Swift Shooter","1"
"Grumpjaw","jungler","Slumbering Husk","1"
"SAW","carry","Reflex Block","1"
"Ozo","jungler","Tyrant's Monocle","1"
"Krul","jungler","Protector Contract","1"
"Reim","captain","Frostburn","1"
"Lance","carry","Oakheart","1"
"Skaarf","carry","Halcyon Potion","1"
"Lance","jungler","Slumbering Husk","1"
"Baron","carry","Metal Jacket","1"
"Ardan","captain","Reflex Block","1"
"Vox","captain","Dragonblood Contract","1"
"Rona","carry","Book of Eulogies","1"
"Blackfeather","carry","War Treads","1"
"Ringo","carry","Piercing Shard","1"
"Glaive","carry","Lucky Strike","1"
"Baron","captain","Clockwork","1"
"Kestrel","carry","Heavy Prism","1"
"Idris","jungler","Weapon Blade","1"
"Petal","captain","Flare Gun","1"
"Reim","jungler","Coat of Plates","1"
"Lyra","captain","Lucky Strike","1"
"Taka","captain","Piercing Shard","1"
"Alpha","jungler","Crystal Bit","1"
"Alpha","captain","Poisoned Shiv","1"
"Skaarf","captain","Tension Bow","1"
"Samuel","captain","Heavy Steel","1"
"Flicker","jungler","Hourglass","1"
"Fortress","captain","Lifespring","1"
"Phinn","carry","Aftershock","1"
"Skye","jungler","Scout Trap","1"
"Adagio","carry","Void Battery","1"
"Petal","jungler","Minion Candy","1"
"Koshka","captain","Aegis","1"
"Petal","jungler","Tyrant's Monocle","1"
"Blackfeather","captain","Blazing Salvo","1"
"SAW","carry","Alternating Current","1"
"Lyra","captain","Aegis","1"
"Krul","jungler","War Treads","1"
"Reim","captain","Heavy Prism","1"
"Lance","carry","Book of Eulogies","1"
"Skaarf","carry","Lucky Strike","1"
"Lance","jungler","Aftershock","1"
"Baron","carry","Aegis","1"
"Vox","jungler","Coat of Plates","1"
"Vox","captain","Tension Bow","1"
"Rona","carry","Bonesaw","1"
"Blackfeather","carry","Tyrant's Monocle","1"
"Ringo","carry","Swift Shooter","1"
"Adagio","jungler","Frostburn","1"
"Glaive","jungler","Heavy Prism","1"
"Blackfeather","jungler","Dragonheart","1"
"Baron","captain","Sprint Boots","1"
"Phinn","captain","Flare Gun","1"
"Kestrel","carry","Book of Eulogies","1"
"Taka","jungler","Flare Gun","1"
"Alpha","captain","Metal Jacket","1"
"Samuel","captain","Blazing Salvo","1"
"Ardan","jungler","Sorrowblade","1"
"Vox","carry","War Treads","1"
"Gwen","carry","Book of Eulogies","1"
"Catherine","jungler","Protector Contract","1"
"Flicker","jungler","Broken Myth","1"
"Fortress","captain","Six Sins","1"
"Skye","jungler","Piercing Shard","1"
"Adagio","carry","Crystal Bit","1"
"Samuel","captain","Aegis","1"
"Ardan","jungler","Tornado Trigger","1"
"Gwen","carry","Halcyon Potion","1"
"Rona","jungler","Halcyon Chargers","1"
"Flicker","jungler","Alternating Current","1"
"Fortress","captain","Weapon Infusion","1"
"Phinn","carry","Metal Jacket","1"
"Ringo","carry","Contraption","1"
"Koshka","captain","Crystal Infusion","1"
"Petal","jungler","Breaking Point","1"
"Blackfeather","captain","Stormcrown","1"
"Kestrel","jungler","Halcyon Potion","1"
"Grumpjaw","jungler","Tornado Trigger","1"
"SAW","carry","Book of Eulogies","1"
"Krul","jungler","Contraption","1"
"Lance","carry","Sprint Boots","1"
"Skaarf","carry","Stormcrown","1"
"Lance","jungler","Journey Boots","1"
"Baron","carry","Book of Eulogies","1"
"Samuel","jungler","Piercing Shard","1"
"Ardan","captain","Void Battery","1"
"Vox","captain","Lucky Strike","1"
"Rona","carry","Atlas Pauldron","1"
"Adagio","jungler","Journey Boots","1"
"Adagio","captain","Minion's Foot","1"
"Petal","carry","Tornado Trigger","1"
"Baron","captain","Tension Bow","1"
"Kestrel","carry","Eclipse Prism","1"
"Idris","jungler","Book of Eulogies","1"
"Petal","captain","Fountain of Renewal","1"
"Reim","jungler","Piercing Shard","1"
"Lyra","captain","Kinetic Shield","1"
"Alpha","captain","Fountain of Renewal","1"
"Skaarf","captain","Book of Eulogies","1"
"Kestrel","carry","Kinetic Shield","1"
"Reim","jungler","Lucky Strike","1"
"Lyra","carry","Sprint Boots","1"
"Joule","captain","Scout Trap","1"
"Taka","jungler","Scout Trap","1"
"Alpha","captain","Swift Shooter","1"
"Samuel","captain","Halcyon Chargers","1"
"Ardan","jungler","Lucky Strike","1"
"Vox","carry","Weapon Blade","1"
"Gwen","carry","Aftershock","1"
"Flicker","jungler","Halcyon Potion","1"
"Fortress","captain","Poisoned Shiv","1"
"Catherine","captain","Six Sins","1"
"Ringo","carry","Ironguard Contract","1"
"Koshka","jungler","Tornado Trigger","1"
"Petal","jungler","Heavy Steel","1"
"Skye","captain","Slumbering Husk","1"
"Grumpjaw","jungler","Swift Shooter","1"
"Krul","jungler","Shatterglass","1"
"Lance","carry","Breaking Point","1"
"Skaarf","carry","Coat of Plates","1"
"Lance","captain","Protector Contract","1"
"Baron","jungler","Shatterglass","1"
"Vox","captain","Energy Battery","1"
"Blackfeather","carry","Light Shield","1"
"Ringo","jungler","Broken Myth","1"
"Ringo","carry","Bonesaw","1"
"Adagio","jungler","Nullwave Gauntlet","1"
"Glaive","jungler","Piercing Shard","1"
"Glaive","captain","Barbed Needle","1"
"Phinn","captain","Energy Battery","1"
"Idris","captain","Six Sins","1"
"Kestrel","carry","Aftershock","1"
"Idris","jungler","Light Shield","1"
"Taka","captain","Metal Jacket","1"
"Joule","captain","Heavy Steel","1"
"Skaarf","jungler",NULL,"1"
"Skaarf","captain","Energy Battery","1"
"Ardan","jungler",NULL,"1"
"Gwen","carry","Fountain of Renewal","1"
"Catherine","jungler","Atlas Pauldron","1"
"Ringo","captain","Poisoned Shiv","1"
"Adagio","carry","Kinetic Shield","1"
"Koshka","captain","Metal Jacket","1"
"Skye","captain","Chronograph","1"
"Blackfeather","captain","Heavy Prism","1"
"Kestrel","jungler","Blazing Salvo","1"
"SAW","carry","Piercing Shard","1"
"Krul","captain","Barbed Needle","1"
"Skaarf","carry","War Treads","1"
"Lance","jungler","Sprint Boots","1"
"Taka","captain","Tyrant's Monocle","1"
"Ardan","carry","Tension Bow","1"
"Baron","carry","Halcyon Potion","1"
"Fortress","jungler","Tyrant's Monocle","1"
"Ardan","captain","Sorrowblade","1"
"Vox","captain","Reflex Block","1"
"Ringo","carry","Energy Battery","1"
"Adagio","jungler","Sprint Boots","1"
"Kestrel","carry","Chronograph","1"
"Idris","jungler","Contraption","1"
"Kestrel","captain",NULL,"1"
"Joule","jungler","Poisoned Shiv","1"
"Skaarf","captain","Slumbering Husk","1"
"Ardan","jungler","Slumbering Husk","1"
"Gwen","carry","Lucky Strike","1"
"Rona","jungler","Scout Trap","1"
"Adagio","carry","Dragonheart","1"
"Koshka","jungler","Dragonblood Contract","1"
"Skye","captain","Weapon Blade","1"
"Flicker","captain","Kinetic Shield","1"
"Kestrel","jungler","Six Sins","1"
"Grumpjaw","jungler","Blazing Salvo","1"
"SAW","carry","Scout Trap","1"
"Krul","jungler","Kinetic Shield","1"
"Skaarf","carry","Slumbering Husk","1"
"Lance","jungler","Shatterglass","1"
"Taka","captain","Slumbering Husk","1"
"Ardan","carry","Tornado Trigger","1"
"Vox","carry","Ironguard Contract","1"
"Ardan","captain","Heavy Prism","1"
"Ringo","carry","Light Armor","1"
"Glaive","jungler","Lucky Strike","1"
"Glaive","captain","Kinetic Shield","1"
"Blackfeather","jungler","Weapon Infusion","1"
"Phinn","captain","Book of Eulogies","1"
"Idris","captain","Eclipse Prism","1"
"Kestrel","carry","Crystal Bit","1"
"Idris","jungler","Light Armor","1"
"Grumpjaw","captain","Flare Gun","1"
"Alpha","carry","Slumbering Husk","1"
"Alpha","jungler","Crucible","1"
"Joule","captain","Echo","1"
"Skaarf","captain","Crystal Bit","1"
"Ardan","jungler","Broken Myth","1"
"Gwen","carry","Frostburn","1"
"Rona","jungler","Kinetic Shield","1"
"Flicker","jungler","Blazing Salvo","1"
"Fortress","captain","Broken Myth","1"
"Catherine","captain","Hourglass","1"
"Ringo","carry","Scout Trap","1"
"Adagio","carry","Scout Trap","1"
"Skye","captain","Kinetic Shield","1"
"Flicker","captain","Dragonblood Contract","1"
"Kestrel","jungler","Metal Jacket","1"
"SAW","carry","Light Shield","1"
"Ozo","jungler","Weapon Blade","1"
"Krul","jungler","Heavy Prism","1"
"Ozo","captain","Journey Boots","1"
"Krul","captain","Journey Boots","1"
"Skaarf","carry","Poisoned Shiv","1"
"Samuel","jungler","Kinetic Shield","1"
"Lance","captain","Blazing Salvo","1"
"Ardan","carry","Clockwork","1"
"Ringo","carry","Nullwave Gauntlet","1"
"Glaive","captain","Light Armor","1"
"Blackfeather","jungler","Crystal Infusion","1"
"Gwen","captain","Clockwork","1"
"Phinn","captain","Stormguard Banner","1"
"Kestrel","carry","Stormcrown","1"
"Idris","jungler","Broken Myth","1"
"Grumpjaw","captain","Tyrant's Monocle","1"
"Alpha","jungler","Fountain of Renewal","1"
"Skaarf","captain","Heavy Steel","1"
"Ardan","jungler","Travel Boots","1"
"Flicker","jungler","Kinetic Shield","1"
"Fortress","captain","Slumbering Husk","1"
"Catherine","captain","Tension Bow","1"
"Phinn","jungler","Metal Jacket","1"
"Koshka","jungler","Light Armor","1"
"Koshka","captain","Clockwork","1"
"Petal","jungler","Kinetic Shield","1"
"Skye","captain","Book of Eulogies","1"
"Blackfeather","captain","Eve of Harvest","1"
"Lyra","carry","Halcyon Potion","1"
"Kestrel","jungler","Crystal Bit","1"
"SAW","carry","Crystal Infusion","1"
"Krul","jungler","Aftershock","1"
"Baptiste","carry","Poisoned Shiv","1"
"Krul","captain","Heavy Steel","1"
"Baptiste","jungler","Coat of Plates","1"
"Skaarf","carry","Sorrowblade","1"
"Ardan","carry","Flare Gun","1"
"Baron","jungler","Stormcrown","1"
"Ringo","carry","Light Shield","1"
"Kestrel","jungler","Heavy Prism","1"
"Kestrel","carry","Void Battery","1"
"Idris","jungler","Heavy Prism","1"
"Taka","carry","Clockwork","1"
"Alpha","jungler","Light Armor","1"
"Joule","captain","Blazing Salvo","1"
"Skaarf","jungler","Clockwork","1"
"Skaarf","captain","Halcyon Chargers","1"
"Ardan","jungler","Ironguard Contract","1"
"Gwen","carry","Crystal Bit","1"
"Catherine","jungler","Sprint Boots","1"
"Phinn","carry","Halcyon Potion","1"
"Blackfeather","captain","Shiversteel","1"
"Kestrel","jungler","Reflex Block","1"
"SAW","carry","Fountain of Renewal","1"
"Ozo","jungler","Tornado Trigger","1"
"Lyra","captain","Swift Shooter","1"
"Skaarf","carry","Crystal Bit","1"
"Ardan","carry","Coat of Plates","1"
"Fortress","jungler","Eve of Harvest","1"
"Baron","jungler","Halcyon Chargers","1"
"Ringo","jungler","War Treads","1"
"Glaive","captain","Void Battery","1"
"Kestrel","carry","Blazing Salvo","1"
"Idris","jungler","Slumbering Husk","1"
"Grumpjaw","captain","Lucky Strike","1"
"Kestrel","captain","Book of Eulogies","1"
"Joule","carry","Minion's Foot","1"
"SAW","captain","Light Shield","1"
"Taka","carry","Tension Bow","1"
"Alpha","jungler","Clockwork","1"
"Joule","captain","Tyrant's Monocle","1"
"Skaarf","captain","Clockwork","1"
"Ardan","jungler","Alternating Current","1"
"Gwen","carry","Light Armor","1"
"Catherine","jungler","Blazing Salvo","1"
"Flicker","jungler","Dragonheart","1"
"Fortress","captain","Light Armor","1"
"Phinn","carry","Stormguard Banner","1"
"Koshka","carry","Aegis","1"
"Ringo","captain","Eclipse Prism","1"
"Koshka","captain","Slumbering Husk","1"
"Petal","jungler","Eclipse Prism","1"
"Blackfeather","captain",NULL,"1"
"Ozo","jungler","Clockwork","1"
"Ozo","captain","Halcyon Chargers","1"
"Baptiste","carry","Eve of Harvest","1"
"Krul","captain","Crucible","1"
"Baptiste","jungler","Sprint Boots","1"
"Skaarf","carry","Swift Shooter","1"
"Lance","captain","Crystal Bit","1"
"Ardan","carry","Aegis","1"
"Celeste","captain","Echo","1"
"Ringo","jungler","Heavy Steel","1"
"Glaive","captain","Stormguard Banner","1"
"Phinn","captain","Light Armor","1"
"Idris","carry","Kinetic Shield","1"
"Kestrel","carry","Bonesaw","1"
"Idris","jungler","Piercing Spear","1"
"Alpha","carry","Tension Bow","1"
"Joule","captain","Eve of Harvest","1"
"Skaarf","captain","Eclipse Prism","1"
"Flicker","jungler","Serpent Mask","1"
"Fortress","captain","Hourglass","1"
"Catherine","jungler","Shatterglass","1"
"Phinn","jungler","Eve of Harvest","1"
"Koshka","carry","Broken Myth","1"
"Ringo","captain","War Treads","1"
"Koshka","captain","Crucible","1"
"Blackfeather","captain","Shatterglass","1"
"Reim","jungler","Eclipse Prism","1"
"Krul","carry","Halcyon Chargers","1"
"Ozo","captain","Clockwork","1"
"Baptiste","jungler","Metal Jacket","1"
"Taka","captain","Swift Shooter","1"
"Ardan","carry","Atlas Pauldron","1"
"Gwen","carry","Stormguard Banner","1"
"Gwen","jungler","Halcyon Chargers","1"
"Ringo","jungler","Poisoned Shiv","1"
"Glaive","captain","Shatterglass","1"
"Ozo","jungler","Slumbering Husk","1"
"Kestrel","captain","Shiversteel","1"
"Alpha","carry","Broken Myth","1"
"Taka","carry","Crucible","1"
"Alpha","jungler","Scout Trap","1"
"Joule","captain","Metal Jacket","1"
"Skaarf","jungler","Six Sins","1"
"Baron","carry","Piercing Shard","1"
"Fortress","captain","Breaking Point","1"
"Koshka","captain","Journey Boots","1"
"Koshka","captain","War Treads","1"
"Blackfeather","captain","Broken Myth","1"
"Krul","carry","Metal Jacket","1"
"Krul","captain","Poisoned Shiv","1"
"Baptiste","jungler","Heavy Prism","1"
"Taka","captain","Ironguard Contract","1"
"Lance","captain","Reflex Block","1"
"Fortress","carry","Aftershock","1"
"Vox","carry","Eclipse Prism","1"
"Fortress","jungler","Ironguard Contract","1"
"Vox","jungler","Poisoned Shiv","1"
"Rona","jungler","Dragonblood Contract","1"
"Ringo","jungler","Eve of Harvest","1"
"Petal","carry","Eclipse Prism","1"
"Glaive","jungler","Light Shield","1"
"Ringo","jungler","Oakheart","1"
"Petal","carry",NULL,"1"
"Glaive","captain","Aegis","1"
"Phinn","captain","Flare","1"
"Ozo","jungler","Blazing Salvo","1"
"Krul","jungler","Frostburn","1"
"Alpha","carry","Fountain of Renewal","1"
"Joule","jungler","Fountain of Renewal","1"
"Taka","carry","Bonesaw","1"
"Alpha","jungler","Eclipse Prism","1"
"Joule","captain",NULL,"1"
"Skaarf","jungler","Fountain of Renewal","1"
"Celeste","carry","Alternating Current","1"
"Flicker","carry","Stormguard Banner","1"
"Rona","jungler","Protector Contract","1"
"Phinn","carry","Nullwave Gauntlet","1"
"Catherine","jungler","Stormguard Banner","1"
"Koshka","carry","Sorrowblade","1"
"Koshka","carry","Frostburn","1"
"Flicker","captain","Flare Gun","1"
"Lyra","jungler","Heavy Prism","1"
"Krul","carry","Lucky Strike","1"
"Baptiste","carry","Tension Bow","1"
"Baptiste","jungler","Atlas Pauldron","1"
"Taka","captain","Aegis","1"
"Lance","captain","Minion Candy","1"
"Fortress","jungler","Metal Jacket","1"
"Vox","jungler","Metal Jacket","1"
"Fortress","captain","Reflex Block","1"
"Vox","jungler","Dragonblood Contract","1"
"Gwen","jungler","Piercing Spear","1"
"Ringo","jungler","Slumbering Husk","1"
"Adagio","captain","Eve of Harvest","1"
"Glaive","captain","Hourglass","1"
"Kestrel","jungler","Aegis","1"
"Gwen","captain","Bonesaw","1"
"Phinn","captain","Tornado Trigger","1"
"Idris","carry","War Treads","1"
"Reim","carry","Halcyon Chargers","1"
"Grumpjaw","captain","Stormguard Banner","1"
"Alpha","carry","Poisoned Shiv","1"
"Joule","jungler","Minion Candy","1"
"Taka","carry","Journey Boots","1"
"Alpha","jungler","Oakheart","1"
"Celeste","carry","Crystal Infusion","1"
"Fortress","captain","Light Shield","1"
"Phinn","carry","Tension Bow","1"
"Koshka","carry","Travel Boots","1"
"Glaive","jungler","Slumbering Husk","1"
"Baptiste","carry","War Treads","1"
"Samuel","carry","Void Battery","1"
"Baptiste","jungler","Aftershock","1"
"Ardan","carry","Journey Boots","1"
"Baptiste","carry",NULL,"1"
"Krul","captain","Halcyon Chargers","1"
"Lyra","captain","Reflex Block","1"
"Ardan","carry","Flare","1"
"Taka","captain","Reflex Block","1"
"Lance","captain","Aftershock","1"
"Ringo","carry","Weapon Infusion","1"
"Adagio","captain","Stormguard Banner","1"
"Petal","carry","War Treads","1"
"Glaive","captain","Eclipse Prism","1"
"Phinn","captain","Weapon Infusion","1"
"Idris","carry","Slumbering Husk","1"
"Alpha","carry","Metal Jacket","1"
"Joule","jungler","Ironguard Contract","1"
"Taka","carry","Lucky Strike","1"
"Alpha","jungler","Tornado Trigger","1"
"Skaarf","jungler","Aegis","1"
"Baron","carry","Slumbering Husk","1"
"Rona","jungler","Oakheart","1"
"Phinn","carry","Halcyon Chargers","1"
"Koshka","carry","Slumbering Husk","1"
"Koshka","carry","Energy Battery","1"
"Glaive","jungler","Ironguard Contract","1"
"Phinn","captain","Void Battery","1"
"Lyra","carry","Slumbering Husk","1"
"Ozo","captain","Chronograph","1"
"Krul","captain","Kinetic Shield","1"
"Lyra","captain","Lifespring","1"
"Ardan","carry","Contraption","1"
"Samuel","jungler","Scout Trap","1"
"Taka","captain","Kinetic Shield","1"
"Vox","jungler","Aegis","1"
"Gwen","jungler","Aftershock","1"
"Celeste","captain","Travel Boots","1"
"Ringo","jungler","Void Battery","1"
"Glaive","captain","Dragonheart","1"
"Gwen","captain","Broken Myth","1"
"Phinn","captain","Serpent Mask","1"
"Reim","carry","Travel Boots","1"
"Grumpjaw","captain","Tornado Trigger","1"
"Kestrel","captain","Piercing Shard","1"
"Joule","carry","Clockwork","1"
"SAW","captain","Book of Eulogies","1"
"Alpha","carry","Tornado Trigger","1"
"Taka","carry","Sorrowblade","1"
"Celeste","carry","Reflex Block","1"
"Flicker","carry","Crucible","1"
"Rona","jungler","Aftershock","1"
"Catherine","jungler","Tyrant's Monocle","1"
"Koshka","carry","Journey Boots","1"
"Kestrel","captain","Blazing Salvo","1"
"Lyra","jungler","Broken Myth","1"
"Taka","carry","Aegis","1"
"Lyra","captain","Book of Eulogies","1"
"Krul","captain","Coat of Plates","1"
"Lyra","captain","Breaking Point","1"
"Samuel","jungler","Alternating Current","1"
"Taka","captain","Dragonblood Contract","1"
"Lance","captain","Dragonblood Contract","1"
"Fortress","carry","Aegis","1"
"Vox","jungler","Lucky Strike","1"
"Gwen","jungler","Energy Battery","1"
"Celeste","captain","Sprint Boots","1"
"Skye","carry","Lucky Strike","1"
"Adagio","carry","Bonesaw","1"
"Petal","carry","Clockwork","1"
"Petal","jungler","Fountain of Renewal","1"
"Glaive","captain","Energy Battery","1"
"Phinn","captain","Chronograph","1"
"Idris","carry","Heavy Steel","1"
"Reim","carry","Alternating Current","1"
"Ozo","jungler","Crucible","1"
"Grumpjaw","captain","Metal Jacket","1"
"Kestrel","captain","Chronograph","1"
"Alpha","carry","Aegis","1"
"Joule","jungler","Lifespring","1"
"Alpha","jungler","Lucky Strike","1"
"Celeste","carry","Kinetic Shield","1"
"Flicker","carry","Tension Bow","1"
"Rona","jungler","Lucky Strike","1"
"Rona","captain","Metal Jacket","1"
"Catherine","jungler","Ironguard Contract","1"
"Ringo","captain","Chronograph","1"
"Ringo","jungler","Chronograph","1"
"Lyra","jungler","Poisoned Shiv","1"
"Taka","carry","Aftershock","1"
"Lyra","captain","Heavy Steel","1"
"Samuel","carry","Ironguard Contract","1"
"Taka","jungler","Six Sins","1"
"Samuel","jungler","Sorrowblade","1"
"Samuel","captain","Stormcrown","1"
"Fortress","carry","Travel Boots","1"
"Celeste","captain","Sorrowblade","1"
"Skye","jungler","Slumbering Husk","1"
"Petal","carry","Aegis","1"
"Rona","captain","Blazing Salvo","1"
"Gwen","captain","Halcyon Chargers","1"
"Phinn","captain","Echo","1"
"Idris","carry","Book of Eulogies","1"
"Grumpjaw","captain","Six Sins","1"
"Kestrel","captain","Breaking Point","1"
"Alpha","jungler","Blazing Salvo","1"
"Ardan","jungler","Scout Trap","1"
"Celeste","carry","Aegis","1"
"Flicker","carry","Aegis","1"
"Vox","captain","Swift Shooter","1"
"Ringo","jungler","Serpent Mask","1"
"Lyra","jungler","Journey Boots","1"
"Lyra","captain","Tornado Trigger","1"
"Ozo","captain","Broken Myth","1"
"Krul","captain","Slumbering Husk","1"
"Joule","captain","Poisoned Shiv","1"
"Taka","jungler","Echo","1"
"Taka","captain","Energy Battery","1"
"Samuel","captain","Fountain of Renewal","1"
"Fortress","carry","Sprint Boots","1"
"Celeste","captain","Void Battery","1"
"Skye","carry","Stormcrown","1"
"Ringo","carry","Barbed Needle","1"
"Adagio","carry","Atlas Pauldron","1"
"Glaive","captain","Reflex Block","1"
"Idris","carry","Tyrant's Monocle","1"
"Ozo","carry","Coat of Plates","1"
"Grumpjaw","captain","Heavy Steel","1"
"Kestrel","captain","Void Battery","1"
"Skaarf","carry","Piercing Shard","1"
"Celeste","carry","Dragonheart","1"
"Flicker","carry","Ironguard Contract","1"
"Ardan","captain","Eclipse Prism","1"
"Idris","jungler","Kinetic Shield","1"
"Catherine","captain","Blazing Salvo","1"
"Ringo","captain","Minion's Foot","1"
"Ringo","jungler","Halcyon Potion","1"
"Ozo","captain","Kinetic Shield","1"
"Krul","captain","Serpent Mask","1"
"Samuel","carry","Poisoned Shiv","1"
"Samuel","jungler","Blazing Salvo","1"
"Fortress","carry","Contraption","1"
"Celeste","captain","Journey Boots","1"
"Catherine","captain","Dragonblood Contract","1"
"Petal","carry","Journey Boots","1"
"Gwen","captain","Swift Shooter","1"
"Ozo","jungler","Poisoned Shiv","1"
"Grumpjaw","captain","Atlas Pauldron","1"
"Krul","jungler","Crystal Bit","1"
"Kestrel","captain","Aftershock","1"
"SAW","captain","Sprint Boots","1"
"Joule","jungler","Coat of Plates","1"
"Ardan","jungler","Halcyon Chargers","1"
"Celeste","carry","Aftershock","1"
"Flicker","carry","Eclipse Prism","1"
"Ardan","captain","Poisoned Shiv","1"
"Ringo","jungler","Sprint Boots","1"
"Glaive","captain","Contraption","1"
"Idris","captain","Serpent Mask","1"
"SAW","jungler","Sprint Boots","1"
"Ozo","captain","Lifespring","1"
"Krul","captain","Swift Shooter","1"
"Samuel","carry","Tornado Trigger","1"
"Alpha","captain","Scout Trap","1"
"Vox","carry","Minion's Foot","1"
"Celeste","captain","Eclipse Prism","1"
"Catherine","captain","Nullwave Gauntlet","1"
"Adagio","captain","Chronograph","1"
"Petal","carry","Stormcrown","1"
"Petal","captain","War Treads","1"
"Gwen","captain","Energy Battery","1"
"Idris","carry","Clockwork","1"
"Ozo","carry","Metal Jacket","1"
"Grumpjaw","jungler","Halcyon Potion","1"
"Grumpjaw","captain","Coat of Plates","1"
"Kestrel","captain","Six Sins","1"
"Joule","carry","Chronograph","1"
"Joule","jungler","Eclipse Prism","1"
"Baptiste","captain","Breaking Point","1"
"Baron","carry","Aftershock","1"
"Fortress","jungler","Stormguard Banner","1"
"Celeste","carry","Piercing Shard","1"
"Flicker","carry","Light Armor","1"
"Rona","captain","Book of Eulogies","1"
"Catherine","jungler","Swift Shooter","1"
"Ringo","captain","Dragonheart","1"
